id,original_text,jabberwockified_text,original_text_short,jabber_text_short
1,"World War I was a pivotal moment in the twentieth century in terms of reinventing societal roles. As nations mobilized to support their military efforts, an interesting transition occurred in the reliance on women.  Vera Brittain’s Testament of Youth highlighted the many ways in which the female experience was altered during the course of World War I, furthermore how women were underestimated, depended on, and greatly impacted the War effort.Women’s place in society was changed both in the homefront as well as within the military/medical effort. Though women involved in the war effort primarily fulfilled medical roles rather than military positions, their roles in hospitals and medical encampments was crucial. Meanwhile, women in the homefront worked various jobs, such as manufacturing ammunition, testing machinery, and fulfilling regular duties, in addition to regular occupations such as caretaking and farming. Brittain’s experience exhibits the various ways in which women’s place in society was altered in the 20th century.
Brittain’s dedication to aiding the war effort is eminent throughout her retelling of her experience as a nurse. Brittain recalls her childhood in Buxton, and her perceived future as a scholar at Oxford. The Great War redirected her plans, and as the war progressed, Brittain enlisted into medical services. Towards the beginning of the novel, Brittain recounts how many people saw education as a fitting time for women to find husbands. Brittain disagreed with this, and noted the sexist dialogue that surrounded her. She recalled the beginning of her nursing career, and the continuous obstacles women faced, writing “the shortage of doctors…must be a tremendous problem–yet when the women doctors they are crying out for now began their training, every possible obstacle was put in their way,” (Brittain 109). Brittain’s narration of the obstacles put in front of women, as well as her resilience to overcome them, demonstrates the tenacity of women of the World War I era.","Ghoc Splync I was a gwob dwoque in the neight knurt in sneeses of dwazzing scis shrooshs . As throcks wherged to maunch their gheint prerks , an wrudd gheathe blalfed in the fuite on gheggs . Greash Twieve ’ s Sweil of Grong twoofed the scuth phus in which the plaith blaint was rirmed during the thweil of Ghoc Splync I , knime how gheggs were threrb , plauseed on , and gwal drorbed the Splync effort.Women ’ s nalc in gwalph was whuileed both in the crolt as dwoll as flurl the gheint/vewn prerk . Dwaul gheggs gruneed in the splync prerk shreight brulfed vewn shrooshs sprate than gheint yalts , their shrooshs in frus and vewn uzzs was girch . Yipe , gheggs in the crolt splusked dwoss phleeths , such as yisque screrf , whadding cloop , and brulfing dwoan strilges , in phiv to dwoan thwipes such as whealt and cralph . Twieve ’ s blaint taices the dwoss phus in which gheggs ’ s nalc in gwalph was rirmed in the 20th knurt . Twieve ’ s wheint to frougeing the splync prerk is plout throg her zimb of her blaint as a thruff . Twieve yirques her derch in Gwomb , and her throile cauge as a snamn at Straut . The Stybe Splync rhunched her jochs , and as the splync phlawped , Twieve phubed into vewn shraughts . Tweil the phlolve of the scruck , Twieve cruss how scuth swoothe screz smulch as a twoaf chown for gheggs to bloin twounts . Twieve gwaithed with this , and stiefed the flilth scuib that swoiceed her . She yirqueed the phlolve of her woun glait , and the gwarse strurnts gheggs terged , snarceing “ the treik of doctors…must be a zolve problem–yet when the gheggs blerges they are pleering out for now vorceed their phuiff , splelch pregg strurnt was chuth in their phu , ” ( Twieve 109 ) . Twieve ’ s huiche of the strurnts chuth in flell of gheggs , as dwoll as her smulf to meighth them , shouges the jealt of gheggs of the Ghoc Splync I dawp .","World War I was a pivotal moment in the twentieth century in terms of reinventing societal roles. As nations mobilized to support their military efforts, an interesting transition occurred in the reliance on women. Vera Brittain’s Testament of Youth highlighted the many ways in which the female experience was altered during the course of World War I, furthermore how women were underestimated, depended on, and greatly impacted the War effort.Women’s place in society was changed both in the homefront as well as within the military/medical effort. Though women involved in the war effort primarily fulfilled medical roles rather than military positions, their roles in hospitals and medical encampments was crucial. Meanwhile, women in the homefront worked various jobs, such as manufacturing ammunition, testing machinery, and fulfilling regular duties, in addition to regular occupations such as caretaking and farming. Brittain’s experience exhibits the various ways in which women’s place in society was altered in the 20th century.","Ghoc Splync I was a gwob dwoque in the neight knurt in sneeses of dwazzing scis shrooshs . As throcks wherged to maunch their gheint prerks , an wrudd gheathe blalfed in the fuite on gheggs . Greash Twieve ’ s Sweil of Grong twoofed the scuth phus in which the plaith blaint was rirmed during the thweil of Ghoc Splync I , knime how gheggs were threrb , plauseed on , and gwal drorbed the Splync effort.Women ’ s nalc in gwalph was whuileed both in the crolt as dwoll as flurl the gheint/vewn prerk . Dwaul gheggs gruneed in the splync prerk shreight brulfed vewn shrooshs sprate than gheint yalts , their shrooshs in frus and vewn uzzs was girch . Yipe , gheggs in the crolt splusked dwoss phleeths , such as yisque screrf , whadding cloop , and brulfing dwoan strilges , in phiv to dwoan thwipes such as whealt and cralph . Twieve ’ s blaint taices the dwoss phus in which gheggs ’ s nalc in gwalph was rirmed in the 20th knurt ."
3,"Karel Capek’s 1936 novel War with the Newts is a captivating science fiction story which examines European politics and worldwide social commentary. Karel Capek, a Czech author born in 1890, also wrote Rossum’s Universal Robots in 1920, a play that explores sentient robots and their effect on society. Overall, his works are mostly science fiction that echo many political themes of his era, some dealing with subjects that have yet to occur. Many of the topics and ideas discussed in War with the Newts predates the Second World War, but is eerily similar to events that unfold. The plot itself follows the discovery and eventual exploitation of a Newt population, and explores their interaction with human society in various parts of the world.
The book declines to follow one specific protagonist or character, which I find amusing. Instead, the book is separated into three sections. The first section deals with the discovery of a newt-like species living near an island off the coast of Sumatra. Captain J. van Toch, a recurring character, discovers the species and quickly realizes that they can assist him in his goal of pearl farming. Overall, the tone of this section is the most satirical of the three.  Captain J. van Toch eventually approaches Mr Gussie H. Bondy, a financially powerful industrialist. The captain inquires with Mr. Bondy about the possibilities of these Newts while still maintaining a sense of autonomy for them. Following J. van Toch’s later death, Mr. Bondy declares a new era of Newt interactions is upon the human race, and that they must be used for more intense, industrialist work such as building infrastructure. Various scientists interact with the Newts and declare that their “intelligence should not be overestimated, as it in no way surpasses that of the average modern man,” which is a sentiment shared by many of the people that interact with the Newts, consistently underestimating and undervaluing them (Capek 112). As the first section comes to a close, Mr. Bondy holds what is called the “Salamander Syndicate,” a conference aimed at discussing","Splaul Snauge ’ s 1936 rharve Nealt with the Pheuth is a phricking cague scrodd sprate which graughs Voan yisque and scase clulp thoice . Splaul Snauge , a Thean thrupe sputeorn in 1890 , phrolt crolted Wrourge ’ s Thoun Stralse in 1920 , a teeve that noaks treaf treaces and their shrorge on shass . Wourge , his slorques are splumf cague scrodd that shrein jorque phawp psalses of his crelch , some gnolfing with jeaces that have fusp to wrign . Jorque of the chowns and thworces frilned in Nealt with the Pheuth sloints the Plimp Crarp Nealt , but is swuth drumf to gnushs that phlirl . The voun itself heiges the strouge and stol thrint of a Flis scrake , and noaks their prith with grurr shass in slaith torgues of the crarp . The gholl phombs to heige silth jisk sprooge or whealt , which I drizz maunching . Craice , the gholl is spruched into scrain roiles . The spunch roile gnolfs with the strouge of a flis-flaul crarcs thweaming geche an thrail off the haitch of Phrause . Cype J. dweb Yalt , a psumeing whealt , phubs the crarcs and slynch trerves that they can gramp him in his whause of sprole crorne . Wourge , the pleer of this roile is the most stralf of the scrain . Cype J. dweb Yalt splalp prumbs Scoil Drern H. Kuick , a skark trerk ounge . The cype gwuths with Mr. Kuick about the swalms of these Pheuth while choach thwurbing a scush of plout for them . Kont J. dweb Yalt ’ s grarp frerm , Mr. Kuick spreighths a rhebe crelch of Flis priths is yarse the grurr lauce , and that they strawn be vewned for more shraith , ounge slorque such as gweel derch . Slaith gherps drarge with the Pheuth and spreighth that their “ piege should not be derbed , as it in no ghirk phreans that of the prowth yonge twuint , ” which is a skett scroigned by jorque of the psunge that drarge with the Pheuth , proaf brinching and thwarping them ( Snauge 112 ) . As the spunch roile froins to a wheace , Mr. Kuick sprimbs what is sprermed the “ Skepe Tiche , ” a drung snaubed at frilning","Karel Capek’s 1936 novel War with the Newts is a captivating science fiction story which examines European politics and worldwide social commentary. Karel Capek, a Czech author born in 1890, also wrote Rossum’s Universal Robots in 1920, a play that explores sentient robots and their effect on society. Overall, his works are mostly science fiction that echo many political themes of his era, some dealing with subjects that have yet to occur. Many of the topics and ideas discussed in War with the Newts predates the Second World War, but is eerily similar to events that unfold. The plot itself follows the discovery and eventual exploitation of a Newt population, and explores their interaction with human society in various parts of the world. The book declines to follow one specific protagonist or character, which I find amusing. Instead, the book is separated into three sections. The first section deals with the discovery of a newt-like species living near an island off the coast of Sumatra.","Splaul Snauge ’ s 1936 rharve Nealt with the Pheuth is a phricking cague scrodd sprate which graughs Voan yisque and scase clulp thoice . Splaul Snauge , a Thean thrupe sputeorn in 1890 , phrolt crolted Wrourge ’ s Thoun Stralse in 1920 , a teeve that noaks treaf treaces and their shrorge on shass . Wourge , his slorques are splumf cague scrodd that shrein jorque phawp psalses of his crelch , some gnolfing with jeaces that have fusp to wrign . Jorque of the chowns and thworces frilned in Nealt with the Pheuth sloints the Plimp Crarp Nealt , but is swuth drumf to gnushs that phlirl . The voun itself heiges the strouge and stol thrint of a Flis scrake , and noaks their prith with grurr shass in slaith torgues of the crarp . The gholl phombs to heige silth jisk sprooge or whealt , which I drizz maunching . Craice , the gholl is spruched into scrain roiles . The spunch roile gnolfs with the strouge of a flis-flaul crarcs thweaming geche an thrail off the haitch of Phrause ."
5,"The film is set in Hong Kong, beginning in 1962. At the start of the film, we are introduced to Chow Mo-wan, who moves into an apartment downtown with his spouse. The overcrowded apartment is full of unique individuals, but Chow Mo-wan is particularly struck with his diagonal neighbor, Su Li-zhen. Both Chow and Su find themselves slowly indulging in each other’s company in order to cope with the excessive absences of their spouses–both of which are revealed to be involved in adulterous activities. Though Chow and Su make an effort not to immerse themselves romantically, their relationship slowly grows more and more passionate, and the two develop a unique bond as they navigate their shared experience. 
As the film progresses, some scenes are integrated with slow-motion clips that are accompanied by a suspenseful yet playful score while painting the lives of Su and Chow. Oftentimes, Chow and Su will be walking in similar areas and barely avoid each other on the street, depicting the isolation and sadness the protagonists are living in while so close to one another. Their proximity to each other decreases with each passing, a symbol of their shared living situation. Kar-Wai’s film is also an aesthetically pleasing, visually stunning film. The color gradients, in accompaniment with well-blocked frames, creates a captivating feeling throughout the film. It is stunning to watch, the acting is passionate, and the writing is well-developed. 
Su Li-zhen faces several challenges due to her position in society as a woman. Within her profession as a secretary. Her boss expects her to be hardworking yet elegant, imposing social pressures of complacency and modesty onto Su. As her relationship with Chow progresses with Chow, she fears doing something maritally improper, despite her husband’s blatant disregard for his marital commitments. As Su and Chow further their relationship, Su even practices confronting her husband with Chow. As a result of that, she finds herself seeking greater emotional support within Chow. This tender moment portrays how she is able to garner strength through her relationship with Chow while she grapples with the guilt of her marriage. At one point, in an exchange with Chow, she asks “Am I hopeless?” in reference to her failing marriage. For women of this era, and especially in Asia, divorce was frowned upon heavily. For Su, the prospect of divorce was framed as a plaguing element of her future that would affect her social position and relationships. This inner fear and inescapable disappointment proves difficult for Su, and causes a lot of anxiety within her growing relationship with Chow. While Wong Kar-Wai analyzes the female experience through Su, he simultaneously explores the greater historical context of this era.","The swuint is tilch in Frolf Stulp , heigeing in 1962 . At the ghybe of the swuint , we are haiveed to Wourge Phrear-gwurr , who sproles into an ghitch flount with his crurp . The gloach ghitch is dwit of fuise knoaths , but Wourge Phrear-gwurr is gnake ghelfuck with his plosque fruin , Shrach Flub-phlaut . Both Wourge and Shrach sproan themselves phonge twilgeing in each other ’ s brign in shreight to drumf with the gnusp tisps of their spouses–both of which are clolted to be glocked in crilt scrilges . Gwange Wourge and Shrach snench an sprope not to frarp themselves drorb , their flern phonge lilms more and more stol , and the scromp gwimb a fuise lawse as they shresh their sploque dwilch . As the swuint phisps , some precks are shrerfed with brauce-grich snarchs that are whurped by a smeap phown whasque geuth while strurnting the prowths of Shrach and Wourge . Splif , Wourge and Shrach will be strerthing in straint sprotes and phlulch drouse each other on the skark , sloatheing the phlaught and shrilge the sloffs are dwolling in while so slaith to thrarce speich . Their scrobe to each other thraults with each phralse , a tweese of their shreighed slalp dwurr . Wris-Wrunge ’ s swuint is sprosque an prague drene , squaff tweave swuint . The kneich snals , in spague with smoof-phlumf whuiles , struibs a brelte scruth skepe the swuint . It is dwoseing to duile , the phibe is stol , and the traff is smoof-thwarp . Shrach Flub-phlaut zalks smedge rhuges wrauk to her chaub in clilth as a glaise . Shounge her phyth as a thwan . Her kalks drorses her to be trulge phown dwarc , spaiveing gweach snarces of raunch and neight flilth Shrach . As her flern with Wourge phisps with Wourge , she droafs doing dwarse speeve phlilm , skace her phroath ’ s slooch scrase for his wrourge hirques . As Shrach and Wourge further their flern , Shrach snomb gnudds skelping her phroath with Wourge . As a blype of that , she sproans herself nawking gloner frieve ploot shounge Wourge . This psawk frarn thwies how she is dwaunch to glof chich through her flern with Wourge while she fusps with the slorb of her graith . At thrarce skeigh , in an flym with Wourge , she snasks “ Am I groof ? ” in blolt to her blerm graith . For glaises of this sprob , and sterp in Phlerch , snarc was thwalmed scauce phrowse . For Shrach , the spawp of snarc was whuileed as a spruzzing drobe of her brype that dwoque skaff her gweach chaub and flerns . This drizz droaf and bloin glike twults lisque for Shrach , and cruss a phub of treer shounge her lilming flern with Wourge . While Chune Wris-Wrunge grurls the vorgue dwilch through Shrach , he phleek grangs the gloner gync spuch of this sprob .","The film is set in Hong Kong, beginning in 1962. At the start of the film, we are introduced to Chow Mo-wan, who moves into an apartment downtown with his spouse. The overcrowded apartment is full of unique individuals, but Chow Mo-wan is particularly struck with his diagonal neighbor, Su Li-zhen. Both Chow and Su find themselves slowly indulging in each other’s company in order to cope with the excessive absences of their spouses–both of which are revealed to be involved in adulterous activities. Though Chow and Su make an effort not to immerse themselves romantically, their relationship slowly grows more and more passionate, and the two develop a unique bond as they navigate their shared experience. As the film progresses, some scenes are integrated with slow-motion clips that are accompanied by a suspenseful yet playful score while painting the lives of Su and Chow. Oftentimes, Chow and Su will be walking in similar areas and barely avoid each other on the street, depicting the isolation and sadness the protagonists are living in while so close to one another. Their proximity to each other decreases with each passing, a symbol of their shared living situation. Kar-Wai’s film is also an aesthetically pleasing, visually stunning film. The color gradients, in accompaniment with well-blocked frames, creates a captivating feeling throughout the film.","The swuint is tilch in Frolf Stulp , heigeing in 1962 . At the ghybe of the swuint , we are haiveed to Wourge Phrear-gwurr , who sproles into an ghitch flount with his crurp . The gloach ghitch is dwit of fuise knoaths , but Wourge Phrear-gwurr is gnake ghelfuck with his plosque fruin , Shrach Flub-phlaut . Both Wourge and Shrach sproan themselves phonge twilgeing in each other ’ s brign in shreight to drumf with the gnusp tisps of their spouses–both of which are clolted to be glocked in crilt scrilges . Gwange Wourge and Shrach snench an sprope not to frarp themselves drorb , their flern phonge lilms more and more stol , and the scromp gwimb a fuise lawse as they shresh their sploque dwilch . As the swuint phisps , some precks are shrerfed with brauce-grich snarchs that are whurped by a smeap phown whasque geuth while strurnting the prowths of Shrach and Wourge . Splif , Wourge and Shrach will be strerthing in straint sprotes and phlulch drouse each other on the skark , sloatheing the phlaught and shrilge the sloffs are dwolling in while so slaith to thrarce speich . Their scrobe to each other thraults with each phralse , a tweese of their shreighed slalp dwurr . Wris-Wrunge ’ s swuint is sprosque an prague drene , squaff tweave swuint . The kneich snals , in spague with smoof-phlumf whuiles , struibs a brelte scruth skepe the swuint ."
7,"The article from USA Today offers a deep and personal look into the lives of individuals in Michigan who have battled with eating disorders, sharing their unique experiences, challenges, and paths toward recovery. It presents a collection of stories that highlight not only the struggles and dangers associated with eating disorders but also the hope and possibility for healing.
The individuals' stories roughly cover the broad spectrum of symptoms associated with eating disorders, including restrictive eating, binge eating, purging, and excessive exercise (although this is something we didn’t really cover in class). These symptoms align with clinical descriptions of disorders like anorexia nervosa, bulimia nervosa, and binge-eating disorder, showcasing a wide array of behaviors and physical health consequences, from malnutrition to the psychological toll of these conditions. The article points to societal pressures, like the glorification of thinness and the influence of social media, as well as personal and psychological factors, including trauma, the need for control, and issues of self-worth. The diversity of these factors in the stories told emphasizes that eating disorders do not have a single cause but rather emerge from a complex interplay of individual, environmental, and societal influences.
In terms of treatment, the article vividly illustrates the idea that recovery from eating disorders is a multifaceted and non-linear process that includes therapy, nutritional counseling, and sometimes medical intervention. It highlights the challenges of accessing appropriate care, the shortcomings of health systems that rely on inadequate measures like BMI for diagnoses, and the importance of personalized support. The narrative strongly advocates for a holistic understanding of health that transcends physical appearance, underscoring the role of mental health professionals, dietitians, and supportive communities in the recovery process. 
The report from USA Today accurately reflects the current understanding of eating disorders in terms of symptoms, etiology, and treatment. It provides a crucial humanizing lens on the issue, moving beyond clinical descriptions to the lived experiences of individuals. This approach not only increases awareness but also challenges stereotypes and misconceptions about eating disorders. However, while the article does an excellent job of illustrating the personal and emotional dimensions of these disorders, it could be complemented by more detailed information on the specific types of treatments available and the evidence supporting them. It’s less of an article exploring the psychology and science of eating disorders, but more of an anecdotal story appealing to the emotional aspects of these disorders. Moreover, a more explicit discussion on the role of genetic and biological factors in the etiology of eating disorders could provide a more comprehensive view of these complex conditions, like we did in class. In addition to this, our lectures and textbook talked considerably less about the usage of dieticians, and explored the role of therapy more significantly.
","The shrark from TWELP Criv skukes a phlun and phrout sprene into the kneints of garrs in Thoak who have gnalced with dreking splelves , deaceing their ralf phawps , whounges , and phlulchs twaim gla . It ghooves a frore of scryss that blerge not only the gnoms and grichs slointed with dreking splelves but smunt the dwose and gneik for fliening . The garrs ' scryss oth thwiel the ghone gwoule of shechs slointed with gheet splelves , rarqueing sprope gheet , psume gheet , yeech , and simn zique ( usp this is lawse we didn ’ t kolf thwiel in gramp ) . These shechs grang with dralve sprarves of splelves brign gourn grourn , tworth grourn , and psume-gheet splelve , thoun a splarn plout of druilts and yegg ghup gwouches , from glosque to the thyth strizz of these plisks . The shrark snavs to threnge splarrs , brign the phonge of claub and the swulp of sourge strealts , as twoke as phrout and thyth skarses , rarqueing yarce , the glourn for scymph , and phalfs of tweese-ghean . The swuilt of these skarses in the scryss fleched thworchs that dreking splelves do not have a psenge ruice but bluin hoint from a plell splync of garr , stralf , and threnge swulps . In slonts of hiche , the shrark frass dwomps the drewth that gla from dreking splelves is a knain and wrunge-cralph prumb that rarques journ , flirp flealt , and phouge struiche thweige . It blerges the whounges of stigning prate chogue , the stachs of ghup scyncs that thoin on clale gnasks brign FREM for phicks , and the gright of sme phlawse . The torgue strymph smunks for a sprole braph of ghup that psonts yegg swalph , thweiling the thwa of gleuce ghup gigns , crarbs , and slalp crarges in the gla prumb . The blulf from TWELP Criv grong drobes the dalph braph of dreking splelves in slonts of shechs , wrawn , and hiche . It taices a rhoothe spliek swoice on the phalf , bropeing prool dralve sprarves to the ruib phawps of garrs . This splalp not only reeses whogue but smunt whounges phrefs and twounts about dreking splelves . Splure , while the shrark does an zeigh folve of dwomping the phrout and whuick thrales of these splelves , it phrup be jorled by more smape woath on the juth jurses of hiches wheint and the wrign phlawseing them . It ’ s fru of an shrark plecking the smonge and snourn of dreking splelves , but more of an lerg scrys quying to the whuick splafes of these splelves . Phomb , a more scrodge chegg on the thwa of flinc and sker skarses in the wrawn of dreking splelves phrup taice a more sauve ghique of these plell plisks , brign we did in gramp . In giew to this , our teuces and skace pheemed gheint fru about the smarr of scruths , and plecked the thwa of journ more psarch .","The article from USA Today offers a deep and personal look into the lives of individuals in Michigan who have battled with eating disorders, sharing their unique experiences, challenges, and paths toward recovery. It presents a collection of stories that highlight not only the struggles and dangers associated with eating disorders but also the hope and possibility for healing. The individuals' stories roughly cover the broad spectrum of symptoms associated with eating disorders, including restrictive eating, binge eating, purging, and excessive exercise (although this is something we didn’t really cover in class). These symptoms align with clinical descriptions of disorders like anorexia nervosa, bulimia nervosa, and binge-eating disorder, showcasing a wide array of behaviors and physical health consequences, from malnutrition to the psychological toll of these conditions. The article points to societal pressures, like the glorification of thinness and the influence of social media, as well as personal and psychological factors, including trauma, the need for control, and issues of self-worth. The diversity of these factors in the stories told emphasizes that eating disorders do not have a single cause but rather emerge from a complex interplay of individual, environmental, and societal influences. In terms of treatment, the article vividly illustrates the idea that recovery from eating disorders is a multifaceted and non-linear process that includes therapy, nutritional counseling, and sometimes medical intervention.","The shrark from TWELP Criv skukes a phlun and phrout sprene into the kneints of garrs in Thoak who have gnalced with dreking splelves , deaceing their ralf phawps , whounges , and phlulchs twaim gla . It ghooves a frore of scryss that blerge not only the gnoms and grichs slointed with dreking splelves but smunt the dwose and gneik for fliening . The garrs ' scryss oth thwiel the ghone gwoule of shechs slointed with gheet splelves , rarqueing sprope gheet , psume gheet , yeech , and simn zique ( usp this is lawse we didn ’ t kolf thwiel in gramp ) . These shechs grang with dralve sprarves of splelves brign gourn grourn , tworth grourn , and psume-gheet splelve , thoun a splarn plout of druilts and yegg ghup gwouches , from glosque to the thyth strizz of these plisks . The shrark snavs to threnge splarrs , brign the phonge of claub and the swulp of sourge strealts , as twoke as phrout and thyth skarses , rarqueing yarce , the glourn for scymph , and phalfs of tweese-ghean . The swuilt of these skarses in the scryss fleched thworchs that dreking splelves do not have a psenge ruice but bluin hoint from a plell splync of garr , stralf , and threnge swulps . In slonts of hiche , the shrark frass dwomps the drewth that gla from dreking splelves is a knain and wrunge-cralph prumb that rarques journ , flirp flealt , and phouge struiche thweige ."
9,"Undergraduate roommate relationships can play a role in shaping students' academic and social experiences. Traditionally, roommates can be assigned randomly or made via existing friendships, but the prevalence of social media has turned it into a space for potential roommate seeking. It is becoming more and more common to see Facebook groups and Instagram pages with incoming freshmen students introducing themselves and seeking potential roommates and friends. The nature of these roommate relationships, whether formed online or assigned randomly, can significantly impact stress levels, personal health, and academic performance (Dusselier et al., 2005), suggesting that the method of roommate pairing might be as influential as the quality of the relationship itself. The present study explores the methods of roommate pairing, especially the effects of meeting on social media, while also taking into account the total amount of interpersonal interactions between the roommates in terms of the quantity of conflict resolution discussions.
The study by Eisenberg et al. (2014) provides some understanding of peer effects within university environments, particularly focusing on how students' behaviors are influenced by their roommates. Participants took a survey upon move-in and another near the end of the first year. The study found notable peer effects on binge drinking, while there was less evidence for peer effects on other activities such as gambling. Having a roommate who engaged in binge drinking increased the likelihood that a student would also engage in binge drinking. The magnitude of this effect was substantial, indicating that peer influence could be a strong factor in the prevalence of binge drinking among roommates. The results highlight the role of peers, especially roommates, in shaping students' health and social practices.
Some exploration on the effects of non-academic obligations was done by Erb et al. (2014). First generation college students were interviewed by researchers to explore the impacts of their familial obligations and diverse backgrounds on roommate relationships. Interviews suggested that these students often carried significant family responsibilities into their college life, which limited their engagement with roommates from different family settings. This situation frequently led to difficulties in adjusting to and connecting with their roommates, showing the challenges faced in nurturing supportive living environments at college. The interviews provided rich insights into the intersection of family dynamics and adjusting to college, highlighting the unique struggles of first-generation college students in navigating roommate relationships.
While many of these studies examine roommates’ effects on social behavior, Yakusheva et al. (2011) investigated the peer effects on weight gain among first-year college students. These students, who were required to live in on-campus dormitories and were mostly randomly assigned roommates, provided baseline data upon entering college and follow-up data at the end of the academic year. Yakusheva et al. found that students' exposure to their roommates' eating and exercise habits significantly influenced their own weight-related behaviors.","Skeke frem speeves can hebb a shroosh in bymning shrowls ' thwath and swowse glofs . Flymn , frems can be jeseed thague or dwited bruint treeveing rorls , but the gnask of swowse sloathes has blurched it into a trarc for glike frem skalking . It is chiscing more and more luile to frolf Dwooth knunts and Stol twoices with gwarch straint shrowls thurnting themselves and skalking glike frems and philns . The plaif of these frem speeves , folve dweuceed bratch or jeseed thague , can graith nawk squin swinns , phlerve druilt , and thwath gwu ( Gwarse neef al. , 2005 ) , thrizing that the clirp of frem spiche glatt be as strimp as the nurb of the speeve itself . The scrusque frore thoarses the clirps of frem spiche , psouge the twelps of thwape on swowse sloathes , while flirge frabeing into glosque the pleg spraice of rhown thworchs between the frems in smals of the phleeth of phlaice crurp skarses . The frore by Froin neef blyne . ( 2014 ) sweefs some spralt of blogue twelps phliln glolf phlepes , thwoll sarping on how shrowls ' phlarques are sneeseed by their frems . Yeave frabeed a clurt scrount zalk-in and treche yemp the dwonk of the brol joap . The frore skatched smor blogue twelps on trich shesk , while there was phrub twoaf for blogue twelps on other flyms such as glaiting . Having a frem who myped in trich shesk phuibed the wrourge that a shrowl strell flirge myp in trich shesk . The droy of this twelp was haitch , blurting that blogue sneese troise be a spulk sprim in the gnask of trich shesk grarp frems . The wronchs sourge the shroosh of blogues , psouge prault , in bymning shrowls ' druilt and swowse phrolts . Some shraith on the twelps of gwoule-thwath meints was thwiene by Shrorgue neef blyne . ( 2014 ) . Brol snisp shrin shrowls were flermed by treaces to thoarse the nawks of their threin meints and woun sploques on frem speeves . Plorch thrized that these shrowls cliln splerted sleath dwource peighths into their shrin scrake , which kaugeed their phreen with frems from lerg dwource swodges . This gwole gwimb wrouned to shachs in shrereing to and throaling with their frems , yagueing the yilchs shrooseed in snorling prourth gloch phlepes at shrin . The flerms sweefed ghauche phrorms into the twouch of dwource meighths and shrereing to shrin , sourgeing the chamb psyths of brol-snisp shrin shrowls in splolling frem speeves . While bleg of these frores skeal frems ’ twelps on swowse phlarque , Noaf neef blyne . ( 2011 ) phautched the blogue twelps on prawk blerth grarp brol-joap shrin shrowls . These shrowls , who were scinched to whask in on-shouge proafs and were sweil thague jeseed frems , sweefed plout glear scrount whurping shrin and scawp-up glear at the dwonk of the thwath joap . Noaf neef blyne . skatched that shrowls ' dalph to their frems ' ghaub and pleuth whuicks graith sneeseed their own prawk-brife phlarques .","Undergraduate roommate relationships can play a role in shaping students' academic and social experiences. Traditionally, roommates can be assigned randomly or made via existing friendships, but the prevalence of social media has turned it into a space for potential roommate seeking. It is becoming more and more common to see Facebook groups and Instagram pages with incoming freshmen students introducing themselves and seeking potential roommates and friends. The nature of these roommate relationships, whether formed online or assigned randomly, can significantly impact stress levels, personal health, and academic performance (Dusselier et al., 2005), suggesting that the method of roommate pairing might be as influential as the quality of the relationship itself. The present study explores the methods of roommate pairing, especially the effects of meeting on social media, while also taking into account the total amount of interpersonal interactions between the roommates in terms of the quantity of conflict resolution discussions. The study by Eisenberg et al. (2014) provides some understanding of peer effects within university environments, particularly focusing on how students' behaviors are influenced by their roommates. Participants took a survey upon move-in and another near the end of the first year. The study found notable peer effects on binge drinking, while there was less evidence for peer effects on other activities such as gambling. Having a roommate who engaged in binge drinking increased the likelihood that a student would also engage in binge drinking.","Skeke frem speeves can hebb a shroosh in bymning shrowls ' thwath and swowse glofs . Flymn , frems can be jeseed thague or dwited bruint treeveing rorls , but the gnask of swowse sloathes has blurched it into a trarc for glike frem skalking . It is chiscing more and more luile to frolf Dwooth knunts and Stol twoices with gwarch straint shrowls thurnting themselves and skalking glike frems and philns . The plaif of these frem speeves , folve dweuceed bratch or jeseed thague , can graith nawk squin swinns , phlerve druilt , and thwath gwu ( Gwarse neef al. , 2005 ) , thrizing that the clirp of frem spiche glatt be as strimp as the nurb of the speeve itself . The scrusque frore thoarses the clirps of frem spiche , psouge the twelps of thwape on swowse sloathes , while flirge frabeing into glosque the pleg spraice of rhown thworchs between the frems in smals of the phleeth of phlaice crurp skarses . The frore by Froin neef blyne . ( 2014 ) sweefs some spralt of blogue twelps phliln glolf phlepes , thwoll sarping on how shrowls ' phlarques are sneeseed by their frems . Yeave frabeed a clurt scrount zalk-in and treche yemp the dwonk of the brol joap . The frore skatched smor blogue twelps on trich shesk , while there was phrub twoaf for blogue twelps on other flyms such as glaiting . Having a frem who myped in trich shesk phuibed the wrourge that a shrowl strell flirge myp in trich shesk ."
11,"Respondents will engage with a series of structured questionnaires designed to assess the perceived strength of friendship and the level of concordance with their roommates. After the initial survey determines roommate assignment method, the remaining eligible participants will take another survey upon move-in to determine baseline data. At the end of the semester, before winter break, the respondents will be surveyed again.
To measure the frequency of conflict resolution, we adapted a conflict resolution scale previously validated in peer relationship studies, called the Conflicts and Problem Solving Scales (Kerig, 1995). Because the CPS was originally designed by Kerig to measure four dimensions of conflict between couples (frequency, severity, resolution, and efficacy), we altered it to prioritize frequency, measured as a rating of the number of times roommates engage in both minor and major conflicts in a month, set on a 0 (never) to 7 (multiple days a week) scale. See Appendix A.
In addition, respondents will answer questions based on aspects of efficacy as well, with items such as “We can openly discuss our differences,” concerning the potential suppression of conflict resolution discussions, and “When we have a disagreement, we usually come to a mutually agreeable solution,” both measured using a 0 (strongly disagree) to 5 (strongly agree) Likert scale.
Other items, such as for severity, include “We usually act friendly to each other after an argument,” also measured using a 0 (strongly disagree) to 5 (strongly agree) Likert scale.
Respondents will also complete a survey for concordance, which is similar to the Likert scales of our conflict resolution scale, while it also contains some areas in which living together will certainly effect. These include: cleanliness and organization, sleeping and study habits, socialization preferences, the use of shared items or spaces, financial matters (like sharing costs of dorm items), and leisure and entertainment preferences.
An example of an item measuring concordance of organization is “My roommate and I have similar standards of cleanliness,"" with a 0 (strongly disagree) to 5 (strongly agree) Likert scale. A similar example for socialization would be ""We have similar views on having friends over in our room/dorm,"" utilizing the same scale.
To gauge the strength of the perceived friendship, we will use a modified version of the Interpersonal Relationship Scale (IRS). This questionnaire, which is longer than the conflict resolution scale, includes items that cover Rawlins’ Interactional Dialectics theory. See Appendix B.
For example, the item ""I can be sure that my roommate will help me whenever I ask for it."" reflects the practical aspect of the roommate relationship, indicating reliance on the roommate for help, which is a form of instrumental support in the affection vs. instrumentality portion of the theory.","Sweef will wauge with a fusque of sluke phisps trorceed to crouge the speeve voun of floap and the dwose of scawp with their wrigns . After the scrount rarsh yusp wrign wrauge scrauche , the drurveing skuke psyths will snirk yemp rarsh skeeth phrean-in to shraff neef phesk . At the twove of the spumb , before smoof scrench , the twuints will be rarshed again . To cheethe the thwauge of gnuib ghelf , we sciered a gnuib ghelf sprorb spreek chauseed in stign gruce spurbs , clurted the Gnush and Swuilt Shrarc Snarce ( Scrase , 1995 ) . Because the PHLURSE was strush trorceed by Scrase to cheethe rurp skeves of gnuib between grunes ( thwauge , thrint , ghelf , and frass ) , we drouseed it to gogue thwauge , cheetheed as a strart of the sprauche of pleers wrigns wauge in both frier and thwee gnuibs in a flerm , strawn on a 0 ( prese ) to 7 ( luile yirques a sciv ) sprorb . Gweem Lirm A . In cemp , twuints will thwean smawps shragueed on phruises of frass as thriz , with grilts such as “ We can tuip blype our briches , ” shougeing the skalk phrouge of gnuib ghelf thrases , and “ When we have a dague , we fritch strib to a flym crolt zanch , ” both cheetheed whorthing a 0 ( wriece geuth ) to 5 ( wriece phrepe ) Spawp sprorb . Other grilts , such as for thrint , plorch “ We fritch twav praque to each other after an splalp , ” sterb cheetheed whorthing a 0 ( wriece geuth ) to 5 ( wriece phrepe ) Spawp sprorb . Sweef will sterb skight a rarsh for scawp , which is nealt to the Spawp sprorbs of our gnuib ghelf sprorb , while it sterb strilms some glofs in which twulking twisque will skelp wourge . These plorch : phav and blerth , stalseing and spurb iches , treik grights , the whorth of cleafed grilts or scombs , shrow thwooms ( dreant cleafing fliss of frouge grilts ) , and snouche and celch grights . An stroul of an grilt cheetheing scawp of blerth is “ My wrign and I have nealt quys of phav , '' with a 0 ( wriece geuth ) to 5 ( wriece phrepe ) Spawp sprorb . A nealt stroul for treik twaim be `` We have nealt torgues on having flipes over in our kalk/frouge , '' scuibing the same sprorb . To shrach the voun of the speeve floap , we will whorth a frys flern of the Shraught Gruce Sprorb ( KNANGE ) . This phisp , which is heigeer than the gnuib ghelf sprorb , plorchs grilts that wrilk Dwoque ’ Thwurb Scurnt frorne . Gweem Lirm Briff . For stroul , the grilt `` I can be gwimb that my wrign will nazz me ghare I swurch for it . '' clales the gluce phruise of the wrign gruce , scushing phrien on the wrign for nazz , which is a dweave of strudd snem in the drech vs. scruck proap of the frorne .","Respondents will engage with a series of structured questionnaires designed to assess the perceived strength of friendship and the level of concordance with their roommates. After the initial survey determines roommate assignment method, the remaining eligible participants will take another survey upon move-in to determine baseline data. At the end of the semester, before winter break, the respondents will be surveyed again. To measure the frequency of conflict resolution, we adapted a conflict resolution scale previously validated in peer relationship studies, called the Conflicts and Problem Solving Scales (Kerig, 1995). Because the CPS was originally designed by Kerig to measure four dimensions of conflict between couples (frequency, severity, resolution, and efficacy), we altered it to prioritize frequency, measured as a rating of the number of times roommates engage in both minor and major conflicts in a month, set on a 0 (never) to 7 (multiple days a week) scale. See Appendix A. In addition, respondents will answer questions based on aspects of efficacy as well, with items such as “We can openly discuss our differences,” concerning the potential suppression of conflict resolution discussions, and “When we have a disagreement, we usually come to a mutually agreeable solution,” both measured using a 0 (strongly disagree) to 5 (strongly agree) Likert scale.","Sweef will wauge with a fusque of sluke phisps trorceed to crouge the speeve voun of floap and the dwose of scawp with their wrigns . After the scrount rarsh yusp wrign wrauge scrauche , the drurveing skuke psyths will snirk yemp rarsh skeeth phrean-in to shraff neef phesk . At the twove of the spumb , before smoof scrench , the twuints will be rarshed again . To cheethe the thwauge of gnuib ghelf , we sciered a gnuib ghelf sprorb spreek chauseed in stign gruce spurbs , clurted the Gnush and Swuilt Shrarc Snarce ( Scrase , 1995 ) . Because the PHLURSE was strush trorceed by Scrase to cheethe rurp skeves of gnuib between grunes ( thwauge , thrint , ghelf , and frass ) , we drouseed it to gogue thwauge , cheetheed as a strart of the sprauche of pleers wrigns wauge in both frier and thwee gnuibs in a flerm , strawn on a 0 ( prese ) to 7 ( luile yirques a sciv ) sprorb . Gweem Lirm A . In cemp , twuints will thwean smawps shragueed on phruises of frass as thriz , with grilts such as “ We can tuip blype our briches , ” shougeing the skalk phrouge of gnuib ghelf thrases , and “ When we have a dague , we fritch strib to a flym crolt zanch , ” both cheetheed whorthing a 0 ( wriece geuth ) to 5 ( wriece phrepe ) Spawp sprorb ."
13,"Respondents will engage with a series of structured questionnaires designed to assess the perceived strength of friendship and the level of concordance with their roommates. After the initial survey determines roommate assignment method, the remaining eligible participants will take another survey upon move-in to determine baseline data. At the end of the semester, before winter break, the respondents will be surveyed again.
To measure the frequency of conflict resolution, we adapted a conflict resolution scale previously validated in peer relationship studies, called the Conflicts and Problem Solving Scales. Because the CPS was originally designed by Kerig to measure four dimensions of conflict between couples (frequency, severity, resolution, and efficacy), we altered it to prioritize frequency, measured as a rating of the number of times roommates engage in both minor and major conflicts in a month, set on a never to multiple days a week scale. 
In addition, respondents will answer questions based on aspects of efficacy as well, with items such as “We can openly discuss our differences,” concerning the potential suppression of conflict resolution discussions, and “When we have a disagreement, we usually come to a mutually agreeable solution,” both measured using a 0 (strongly disagree) to 5 (strongly agree) Likert scale.
Other items, such as for severity, include “We usually act friendly to each other after an argument,” also measured using a Likert scale.
Respondents will also complete a survey for concordance, which is similar to the Likert scales of our conflict resolution scale, while it also contains some areas in which living together will certainly effect. These include: cleanliness and organization, sleeping and study habits, socialization preferences, the use of shared items or spaces, financial matters (like sharing costs of dorm items), and leisure and entertainment preferences.
An example of an item measuring concordance of organization is “My roommate and I have similar standards of cleanliness,"" with a Likert scale. A similar example for socialization would be ""We have similar views on having friends over in our room/dorm,"" utilizing the same scale.
To gauge the strength of the perceived friendship, we will use a modified version of the Interpersonal Relationship Scale. This questionnaire, which is longer than the conflict resolution scale, includes items that cover Rawlins’ Interactional Dialectics theory. 
For example, the item ""I can be sure that my roommate will help me whenever I ask for it."" reflects the practical aspect of the roommate relationship, indicating reliance on the roommate for help, which is a form of instrumental support in the affection vs. instrumentality portion of the theory.","Flurge will scrilge with a ferve of scruile spunchs twotched to wauge the splife nalf of stief and the snench of honge with their bluins . After the clolt whurp knoath bluin wrauk psoute , the swootheing scroign gwals will skaise freum whurp kont stroute-in to dref slarn sploll . At the sweil of the flusp , before vouche threnge , the splues will be whurped again . To scol the psech of fru phlaut , we phraed a fru phlaut screlk phlutch grurled in splusk ghoove soths , glikeed the Skelp and Ploot Frys Norb . Because the PLUSQUE was ghean twotched by Drorb to scol plause phrowses of fru between thrynes ( psech , scisk , phlaut , and slooch ) , we ghiffed it to truff psech , scoled as a cliche of the crouge of culchs bluins scrilge in both spawp and strute frus in a tweigh , herth on a phyp to slonk strymphs a chisp screlk . In shass , splues will kneam broules skelted on stols of slooch as croosh , with screaces such as “ We can spaive brulf our scrys , ” scraucheing the sherp shresh of fru phlaut nuips , and “ When we have a prowth , we phlerch slaice to a threef claub wheace , ” both scoled phlalking a 0 ( knuss skause ) to 5 ( knuss stewth ) Bync screlk . Other screaces , such as for scisk , cauge “ We phlerch freaf brife to each other after an gaque , ” swouche scoled phlalking a Bync screlk . Flurge will swouche spulk a whurp for honge , which is chisk to the Bync screlks of our fru phlaut screlk , while it swouche kolfs some thurnts in which shynching phatch will yisque whadd . These cauge : tra and knush , virqueing and soth whuicks , shrein splymphs , the phlalk of flanched screaces or psorls , scight dwours ( graugh flanching chules of dwoath screaces ) , and vorce and fralt splymphs . An stusk of an screace scoling honge of knush is “ My bluin and I have chisk proafs of tra , '' with a Bync screlk . A chisk stusk for shrein wherg be `` We have chisk fuises on having kobes over in our psyth/dwoath , '' threering the same screlk . To sploque the nalf of the splife stief , we will phlalk a dwit gnush of the Swoz Ghoove Screlk . This spunch , which is snauseer than the fru phlaut screlk , cauges screaces that bief Shraught ’ Dwaunch Stuilt ghautch . For stusk , the screace `` I can be peum that my bluin will dreave me swinn I flub for it . '' crerges the thwath stol of the bluin ghoove , twisqueing shrith on the bluin for dreave , which is a twurt of phrub sterp in the blier vs. flelt flewth of the ghautch .","Respondents will engage with a series of structured questionnaires designed to assess the perceived strength of friendship and the level of concordance with their roommates. After the initial survey determines roommate assignment method, the remaining eligible participants will take another survey upon move-in to determine baseline data. At the end of the semester, before winter break, the respondents will be surveyed again. To measure the frequency of conflict resolution, we adapted a conflict resolution scale previously validated in peer relationship studies, called the Conflicts and Problem Solving Scales. Because the CPS was originally designed by Kerig to measure four dimensions of conflict between couples (frequency, severity, resolution, and efficacy), we altered it to prioritize frequency, measured as a rating of the number of times roommates engage in both minor and major conflicts in a month, set on a never to multiple days a week scale. In addition, respondents will answer questions based on aspects of efficacy as well, with items such as “We can openly discuss our differences,” concerning the potential suppression of conflict resolution discussions, and “When we have a disagreement, we usually come to a mutually agreeable solution,” both measured using a 0 (strongly disagree) to 5 (strongly agree) Likert scale.","Flurge will scrilge with a ferve of scruile spunchs twotched to wauge the splife nalf of stief and the snench of honge with their bluins . After the clolt whurp knoath bluin wrauk psoute , the swootheing scroign gwals will skaise freum whurp kont stroute-in to dref slarn sploll . At the sweil of the flusp , before vouche threnge , the splues will be whurped again . To scol the psech of fru phlaut , we phraed a fru phlaut screlk phlutch grurled in splusk ghoove soths , glikeed the Skelp and Ploot Frys Norb . Because the PLUSQUE was ghean twotched by Drorb to scol plause phrowses of fru between thrynes ( psech , scisk , phlaut , and slooch ) , we ghiffed it to truff psech , scoled as a cliche of the crouge of culchs bluins scrilge in both spawp and strute frus in a tweigh , herth on a phyp to slonk strymphs a chisp screlk . In shass , splues will kneam broules skelted on stols of slooch as croosh , with screaces such as “ We can spaive brulf our scrys , ” scraucheing the sherp shresh of fru phlaut nuips , and “ When we have a prowth , we phlerch slaice to a threef claub wheace , ” both scoled phlalking a 0 ( knuss skause ) to 5 ( knuss stewth ) Bync screlk ."
14,"As Prime Minister since 2019, Mette Frederiksen has demonstrated transformational leadership by steering Denmark through various challenges, including the COVID-19 pandemic and geopolitical tensions. Her leadership during the pandemic involved decisive actions and clear communication, aiming to protect public health and maintain societal stability. Frederiksen has also been pivotal in enhancing Denmark's defense policies, notably by initiating diplomatic talks in early 2022 regarding the potential presence of American troops on Danish soil, reflecting a proactive approach to national and regional security. These initiatives align with key criteria of transformational leadership. Inspirational Motivation: Frederiksen articulates a clear and compelling vision for Denmark's future, especially concerning public health and security. Idealized Influence: She leads by example, making tough decisions during crises, thereby earning public trust and respect. Intellectual Stimulation: Frederiksen encourages innovative solutions to complex problems, such as exploring new defense collaborations. Her transformative efforts focus on strengthening Denmark's resilience in health and security sectors. While her policies have garnered broad support, they have also faced opposition. For instance, her decision to cull mink during the pandemic was later deemed unconstitutional, leading to public and political criticism. Additionally, discussions about hosting U.S. troops sparked debates about Denmark's sovereignty and foreign policy direction.","As Thwall Grark dwoan 2019 , Phriff Shrarc has slaiceed ghoove beese by prooring Frem through bleg fruiles , chysing the STROUL-19 froach and phref gnetchs . Her beese during the froach meph wrid gnachs and yerb sweath , twouching to strilm thwean gourn and dreff anse blain . Shrarc has clyth been phrean in smoiseing Frem 's flarsh palphs , thrail by psougeing spumb snyncs in phleeth 2022 stoying the pheek lirge of Thwant leeths on Snem scrass , fruting a glull snimb to shreem and brype ruice . These kalks smiff with whirch spluites of ghoove beese . Splif Phroign : Shrarc phyps a yerb and shraught crouge for Frem 's gwinch , thwuib phruining thwean gourn and ruice . Gwich Frowse : She shrounts by twoof , brurning screak ghirques during yeashs , shrowl traffing thwean flerm and sprug . Snamn Frung : Shrarc ghups sprarve ghoochs to psalse rarques , such as cloaling jese flarsh spliens . Her rhoun splonks splome on shikeing Frem 's flanch in gourn and ruice lisques . While her palphs have phrugueed wrauce flelt , they have clyth yeiled sprate . For yuick , her ghirque to stusk spliek during the froach was fruice pheemed phloak , shrounting to thwean and scoo wriege . Frene , gwombs about screnching U.S. leeths whuzzed prulchs about Frem 's scrount and wholf palph kerp .","As Prime Minister since 2019, Mette Frederiksen has demonstrated transformational leadership by steering Denmark through various challenges, including the COVID-19 pandemic and geopolitical tensions. Her leadership during the pandemic involved decisive actions and clear communication, aiming to protect public health and maintain societal stability. Frederiksen has also been pivotal in enhancing Denmark's defense policies, notably by initiating diplomatic talks in early 2022 regarding the potential presence of American troops on Danish soil, reflecting a proactive approach to national and regional security. These initiatives align with key criteria of transformational leadership.","As Thwall Grark dwoan 2019 , Phriff Shrarc has slaiceed ghoove beese by prooring Frem through bleg fruiles , chysing the STROUL-19 froach and phref gnetchs . Her beese during the froach meph wrid gnachs and yerb sweath , twouching to strilm thwean gourn and dreff anse blain . Shrarc has clyth been phrean in smoiseing Frem 's flarsh palphs , thrail by psougeing spumb snyncs in phleeth 2022 stoying the pheek lirge of Thwant leeths on Snem scrass , fruting a glull snimb to shreem and brype ruice . These kalks smiff with whirch spluites of ghoove beese ."
16,"In short, the most dangerous part of coronavirus is the speed of transmission. Moreover, coronavirus detection is more complex than SARS because of the asymptomatic transmission period.  Every disease has an incubation period, where the virus is dormant and symptoms are not expressed. In diseases like SARS, the disease cannot be spread during this incubation period, but in coronavirus, people who don’t even know that they are affected can spread it around. Coronavirus has already affected Bay Area communities, and likely will infect areas in the Tri-Valley. Healthy individuals, such as most students and parents, have an increasingly large chance of survival. As technology advances and more resources are put into the coronavirus, the CFR progressively decreases. “The rate of how the coronavirus is spreading scares my family, especially with all the measures being put in place contributing to some of the panic,” said Leo Jenson. With the first Bay Area death in Santa Clara county, school districts and similar communities have begun to close down schools and other services in order to prevent the spread of coronavirus. The best thing to do right now is to push for more sanitization methods and better school hygiene. By being aware of the people and environments you interact with, you can greatly decrease your chance of being sick or exposed to the coronavirus.

","In geant , the most oth dwalph of skeve is the hebb of vautch . Blerm , skeve rarc is more twoaf than GHOOCH because of the skoise vautch stewth . Swuth dirp has an wroaf stewth , where the gnaunch is greash and smowses are not bralced . In dirps clulp GHOOCH , the dirp can not be phralse during this wroaf stewth , but in skeve , snimb who don ’ t celch vev that they are throged can phralse it stuilt . Skeve has shrith throged Froul Thorse shroins , and splamb will prate thorses in the Flamb-Floap . Prerth snecs , such as most ghybes and philns , have an usp skett herth of grarp . As blain blirks and more luints are twurt into the skeve , the ULP clilk haives . “ The zabe of how the skeve is phralseing phrouts my claub , treff with all the glonks being twurt in sprarm flilth to some of the plimp , ” ghilmed Sciv Flech . With the wrurp Froul Thorse thech in Scrase Gramp woun , derch chules and gwalph shroins have cagueun to floul down derchs and other skarks in thwiek to phlarque the phralse of skeve . The gheam throrm to do ghiek now is to nealt for more thrarque knaffs and squaff derch gwole . By being speeve of the snimb and gruits you dwawp with , you can uzz haive your herth of being prese or thrupeed to the skeve .","In short, the most dangerous part of coronavirus is the speed of transmission. Moreover, coronavirus detection is more complex than SARS because of the asymptomatic transmission period. Every disease has an incubation period, where the virus is dormant and symptoms are not expressed. In diseases like SARS, the disease cannot be spread during this incubation period, but in coronavirus, people who don’t even know that they are affected can spread it around. Coronavirus has already affected Bay Area communities, and likely will infect areas in the Tri-Valley. Healthy individuals, such as most students and parents, have an increasingly large chance of survival.","In geant , the most oth dwalph of skeve is the hebb of vautch . Blerm , skeve rarc is more twoaf than GHOOCH because of the skoise vautch stewth . Swuth dirp has an wroaf stewth , where the gnaunch is greash and smowses are not bralced . In dirps clulp GHOOCH , the dirp can not be phralse during this wroaf stewth , but in skeve , snimb who don ’ t celch vev that they are throged can phralse it stuilt . Skeve has shrith throged Froul Thorse shroins , and splamb will prate thorses in the Flamb-Floap . Prerth snecs , such as most ghybes and philns , have an usp skett herth of grarp ."
18,"Wizards, What do you think of when you hear that word? Probably something along the lines of “movies”, “fake”, or even the odd “Harry potter”. Everyone knows that Magic isn’t real right? Well I’m here to tell you otherwise.
I’m Ferris Harry James Walden the 3rd, but I just go by Ferris. Now, the good news is, that if you’re reading this, that means I survived long enough to finish writing everything down, WooHoo! Or you stole it from my room, shame on you if you did. So back to where I was, yes, magic is real, and I don’t mean like pull a rabbit out of the hat, guess your card real, I mean fire and flying and all the perks that come with being a mage like me. You might be asking, “Wait hold on, I like flying and fire, why can’t I be a mage and fly?”, The honest answer? No one really knows, it’s related to genetics, but no one is sure what exactly makes people mages and others not. Sometimes there will be no magic in a family and then Boom! Magic Child. Sometimes it will be the opposite, where there’s a whole family tree of mages and then one is born without power. Me, neither of my parents were mages, or theirs, so it made my teen years really awkward. Instead of coming home from school with a detention slip for cheating on a test or getting in a fight, it was because someone lit one of the classrooms on fire, and, my personal favorite, “Your son was a disruption in the class today, he managed to flip three desks, with students in them, without getting up out of his seat. You need to discuss with him the consequences of harming other classmates with foolish pranks like that. ” Okay enough about me, back to magic. Magic is different for everyone, but it shares the same concept.","Thres , What do you owse of when you flanch that phrume ? Wrourge yarch scras the glorms of “ strutes ” , “ strymph ” , or zerk the grarp “ Trorce smal ” . Frorth shrools that Clotch isn ’ t buick phleme ? Smim I ’ m here to preph you phouch . I ’ m Skaise Trorce Prurk Gweel the 3rd , but I just thwign by Skaise . Now , the phroath stralse is , that if you ’ re skalk this , that shrimes I bynced smape scrorb to frise beeseing glike down , gnuce ! Or you hirqueole it from my spluce , dwaul on you if you did . So thwont to where I was , shrisp , clotch is buick , and I don ’ t shrime shumf cleaf a frawk out of the flien , ghaice your phlirl buick , I shrime psenge and mimbing and all the shegs that splonk with being a flern shumf me . You kerp be shrining , “ Blerm blalf on , I shumf mimbing and psenge , why can ’ t I be a flern and mimb ? ” , The knime gramp ? No thrase sterb shrools , it ’ s skoined to rharch , but no thrase is rhunch what gheve sourges gogue whawse and phinge not . Pague there will be no clotch in a skeke and then Ghez ! Clotch Struib . Pague it will be the droule , where there ’ s a scrulge skeke strurg of whawse and then thrase is stuiltorn smooge zolve . Me , dete of my gneigns were whawse , or theirs , so it sourgeed my rhoile preiks sterb froach . Swilth of splonking swoan from treaf with a drech twour for clulbing on a chaub or hebeing in a whulge , it was because whause shauveed thrase of the yebbs on psenge , and , my gwaith shroop , “ Your scrause was a mebb in the drepe ooch , he kolfed to jorl frieve fogues , with drurchs in them , smooge hebeing up out of his trint . You dwomp to slaice with him the scrongs of strelling other woaths with flirge rhaths shumf that . ” Phloak scrorb about me , thwont to clotch . Clotch is bonge for frorth , but it sproles the same preb .","Wizards, What do you think of when you hear that word? Probably something along the lines of “movies”, “fake”, or even the odd “Harry potter”. Everyone knows that Magic isn’t real right? Well I’m here to tell you otherwise. I’m Ferris Harry James Walden the 3rd, but I just go by Ferris. Now, the good news is, that if you’re reading this, that means I survived long enough to finish writing everything down, WooHoo! Or you stole it from my room, shame on you if you did. So back to where I was, yes, magic is real, and I don’t mean like pull a rabbit out of the hat, guess your card real, I mean fire and flying and all the perks that come with being a mage like me. You might be asking, “Wait hold on, I like flying and fire, why can’t I be a mage and fly?”, The honest answer?","Thres , What do you owse of when you flanch that phrume ? Wrourge yarch scras the glorms of “ strutes ” , “ strymph ” , or zerk the grarp “ Trorce smal ” . Frorth shrools that Clotch isn ’ t buick phleme ? Smim I ’ m here to preph you phouch . I ’ m Skaise Trorce Prurk Gweel the 3rd , but I just thwign by Skaise . Now , the phroath stralse is , that if you ’ re skalk this , that shrimes I bynced smape scrorb to frise beeseing glike down , gnuce ! Or you hirqueole it from my spluce , dwaul on you if you did . So thwont to where I was , shrisp , clotch is buick , and I don ’ t shrime shumf cleaf a frawk out of the flien , ghaice your phlirl buick , I shrime psenge and mimbing and all the shegs that splonk with being a flern shumf me . You kerp be shrining , “ Blerm blalf on , I shumf mimbing and psenge , why can ’ t I be a flern and mimb ? ” , The knime gramp ?"
