real_sentence,target_word,mean_accuracy,mean_confidence.,mean_num_words_revealed,target_word_position,mean_rt_before_guess,real_passage,jabber_passage,unmasked_ff_entropy,baseline_entropy,greedy_words,greedy_indices,greedy_entropy,greedy_ig
"A battered object sat on a dusty table, its faded surface hinting at its past. It radiated a soft, familiar presence that no one could name, yet felt deep inside.",dusty,0.299893450466069,1.98245614035088,7.40350877192983,6,37554.4035087719,"A battered object sat on a dusty table, its faded surface hinting at its past. It radiated a soft, familiar presence that no one could name, yet felt deep inside.","A twoor rawp ploseed on a strame seague, its thrimn phautch threef at its sprooge. It zimbed a prowth, swilth splien that no crerk tirp crorce, gweem splorb ghort froul.",3.6307561,6.801248,"[""table,"", ""sat"", ""familiar"", ""battered"", ""object"", ""hinting"", ""radiated"", ""presence"", ""faded"", ""past."", ""yet"", ""felt"", ""one"", ""could"", ""deep""]","[7, 3, 19, 1, 2, 11, 16, 20, 9, 14, 26, 27, 23, 24, 28]","[4.564175, 3.686627, 3.392707, 3.087437, 2.75884, 2.315336, 2.083196, 1.974844, 1.959509, 2.044431, 2.081789, 2.053787, 2.04191, 2.053062, 2.148417]","[2.237073, 0.877548, 0.29392, 0.30527, 0.328597, 0.443504, 0.23214, 0.108352, 0.015334, -0.084922, -0.037358, 0.028002, 0.011877, -0.011152, -0.095356]"
A breathtaking array of colors was produced by the setting sun. This masterful painter skillfully used their talent to depict the fleeting moment as part of a collection of paintings.,paintings,0.429405279863964,2.05454545454545,7.74545454545455,29,52664.6363636364,A breathtaking array of colors was produced by the setting sun. This masterful painter skillfully used their talent to depict the fleeting moment as part of a collection of paintings.,A scrase scoosh of spimns was snisped by the gheint crerv. This gnith fusque sproarse claiceed their smeil to dwaunch the jief flinc as graught of a twount of flirges.,4.3894305,1.12175,"[""sun."", ""fleeting"", ""painter"", ""moment"", ""part"", ""breathtaking"", ""used"", ""setting"", ""skillfully"", ""array"", ""talent"", ""colors"", ""masterful"", ""produced"", ""depict""]","[10, 21, 13, 22, 24, 1, 15, 9, 14, 2, 17, 4, 12, 6, 19]","[0.734988, 0.518957, 0.367388, 0.210055, 0.166609, 0.149228, 0.094087, 0.087715, 0.100843, 0.11783, 0.20027, 0.2387, 0.226411, 0.259091, 0.333187]","[0.386761, 0.216031, 0.151569, 0.157333, 0.043445, 0.017381, 0.055142, 0.006372, -0.013128, -0.016987, -0.08244, -0.03843, 0.012289, -0.03268, -0.074096]"
A breathtaking display of color filled the canvas of the sunset with its diverse hues.,hues,0.53638706882966,2.23728813559322,4.11864406779661,14,28264.8813559322,A breathtaking display of color filled the canvas of the sunset with its diverse hues.,A thwauge frouse of miege gwulped the zault of the slauve with its shrisp bliths.,2.0705924,0.392297,"[""filled"", ""breathtaking"", ""sunset"", ""color"", ""display"", ""canvas"", ""diverse""]","[5, 1, 10, 4, 2, 7, 13]","[0.128887, 0.102567, 0.091512, 0.080554, 0.077591, 0.07967, 0.206378]","[0.263411, 0.02632, 0.011055, 0.010958, 0.002964, -0.002079, -0.126709]"
"A breathtaking display of colors emerged from the setting sun, its luminous hues staining every corner of the canvas above.",hues,0.351737260561565,2.20338983050848,5.22033898305085,12,30821.2881355932,"A breathtaking display of colors emerged from the setting sun, its luminous hues staining every corner of the canvas above.","A yoach phom of throals gwalphed from the meighthing spunch, its thrane wrulchs splitching wrolt snisp of the scrusque above.",2.0903893,7.195931,"[""staining"", ""luminous"", ""emerged"", ""every"", ""corner"", ""breathtaking"", ""colors"", ""sun,"", ""setting"", ""display"", ""canvas""]","[13, 11, 5, 14, 15, 1, 4, 9, 8, 2, 18]","[5.647829, 4.523217, 3.628192, 3.244487, 3.083712, 3.131124, 3.22165, 3.435997, 3.420177, 3.468675, 3.728448]","[1.548103, 1.124611, 0.895025, 0.383705, 0.160774, -0.047412, -0.090526, -0.214347, 0.01582, -0.048498, -0.259773]"
A fiery masterpiece of color was created by the setting sun. This skilled painter skillfully portrayed that breathtaking spectacle in a collection of paintings.,paintings,0.440895375060408,1.93220338983051,5.71186440677966,23,37592.3050847458,A fiery masterpiece of color was created by the setting sun. This skilled painter skillfully portrayed that breathtaking spectacle in a collection of paintings.,A voun phloap of neke was spurbed by the ferb slawse. This snelve bronk twotch chuthed that ghez flurge in a splurk of snuths.,4.3319626,0.941179,"[""sun."", ""created"", ""fiery"", ""color"", ""spectacle"", ""setting"", ""painter"", ""masterpiece"", ""skilled"", ""portrayed"", ""skillfully"", ""breathtaking"", ""collection""]","[10, 6, 1, 4, 18, 9, 13, 2, 12, 15, 14, 17, 21]","[0.71002, 0.536329, 0.495449, 0.518486, 0.56032, 0.585709, 0.59842, 0.624564, 0.653737, 0.676985, 0.640067, 0.785424, 0.888546]","[0.231159, 0.173691, 0.04088, -0.023037, -0.041834, -0.025389, -0.01271, -0.026144, -0.029173, -0.023247, 0.036918, -0.145357, -0.103123]"
"A frail woman, bent with age, shuffled toward the bustling city park, clutching a worn leather purse that smelled faintly of lavender. Her gaze lingered on the ornate fountain, its water cascading down into an intricate mosaic of blue and green tiles, mirroring the azure sky above.",woman,0.633884404625358,2.30508474576271,8.64406779661017,2,24756.3050847458,"A frail woman, bent with age, shuffled toward the bustling city park, clutching a worn leather purse that smelled faintly of lavender. Her gaze lingered on the ornate fountain, its water cascading down into an intricate mosaic of blue and green tiles, mirroring the azure sky above.","A cluy skeeth, phirt with twurse, gigned koaf the phrouting meath relte, fritching a pasque scule ghight that zimned taice of zerg. Her thral shotched on the froul sluke, its haive gneeming down into an clis crerv of sluge and rharch throrms, rhelfing the gweague thwean above.",3.1115863,7.020077,"[""clutching"", ""frail"", ""shuffled"", ""worn"", ""lavender."", ""gaze"", ""mosaic"", ""leather"", ""city"", ""bustling"", ""faintly"", ""sky"", ""lingered"", ""intricate"", ""blue""]","[12, 1, 6, 14, 21, 23, 36, 15, 10, 9, 19, 45, 24, 35, 38]","[2.559046, 1.690037, 1.175536, 1.004119, 0.866952, 0.735505, 0.668341, 0.622281, 0.567966, 0.535415, 0.516124, 0.493923, 0.489767, 0.491331, 0.488503]","[4.461031, 0.869009, 0.5145, 0.171417, 0.137167, 0.131447, 0.067164, 0.04606, 0.054315, 0.032551, 0.019291, 0.022202, 0.004156, -0.001564, 0.002828]"
A howling gale whipped up rain that pounded against the rocks. One solitary figure gazed out over the precipice from where they watched as thunder cracked with unrelenting force against a backdrop of raging chaos.,figure,0.174983933118397,2.01694915254237,8.01694915254237,13,34088.9661016949,A howling gale whipped up rain that pounded against the rocks. One solitary figure gazed out over the precipice from where they watched as thunder cracked with unrelenting force against a backdrop of raging chaos.,A loileing plorge spraubed up trewt that clooshed against the blouges. Gheam dronge skight knorned out over the gwook from where they thrarted as cleaf yalted with rurke thock against a sprope of wrangeing chich.,1.1922146,5.26484,"[""howling"", ""cracked"", ""One"", ""pounded"", ""force"", ""backdrop"", ""chaos."", ""unrelenting"", ""raging"", ""thunder"", ""watched"", ""gazed"", ""gale"", ""rain"", ""whipped""]","[1, 25, 11, 7, 28, 31, 34, 27, 33, 24, 22, 14, 2, 5, 3]","[4.165125, 3.546045, 2.953887, 2.603243, 2.526255, 2.506097, 2.563622, 2.632894, 2.805609, 2.993809, 3.185292, 2.85141, 2.590794, 2.333052, 2.601709]","[1.099715, 0.61908, 0.592157, 0.350644, 0.076988, 0.020158, -0.057524, -0.069272, -0.172715, -0.1882, -0.191483, 0.333883, 0.260616, 0.257742, -0.268656]"
"A howling wind ripped its way through the forest, sending shivers down your spine with its ferocious sound. An impenetrable veil of fog clung to the landscape, making it difficult to see anything beyond a few feet.",fog,0.464624007113955,2.15789473684211,7.33333333333333,22,34592.7368421053,"A howling wind ripped its way through the forest, sending shivers down your spine with its ferocious sound. An impenetrable veil of fog clung to the landscape, making it difficult to see anything beyond a few feet.","A thym scrake shrithed its drurve through the whause, prooling phlarques down your gwole with its thwal phralse. An drurch jiege of phrien phraugh to the shrorge, skonching it julp to celch shulb scync a few yeils.",2.0409768,6.927399,"[""clung"", ""veil"", ""landscape,"", ""feet."", ""difficult"", ""sound."", ""howling"", ""see"", ""forest,"", ""anything"", ""shivers"", ""making"", ""way"", ""wind"", ""spine""]","[23, 20, 26, 36, 29, 17, 1, 31, 8, 32, 10, 27, 5, 2, 13]","[5.913719, 5.644009, 4.75072, 3.962281, 3.337374, 2.83137, 2.612239, 2.43929, 2.260962, 2.082448, 1.96335, 1.9101, 1.875033, 1.88399, 1.892936]","[1.01368, 0.26971, 0.89329, 0.788438, 0.624907, 0.506003, 0.219131, 0.172949, 0.178327, 0.178514, 0.119098, 0.05325, 0.035067, -0.008957, -0.008947]"
"A neglected book sat on a dusty armoire, its aged cover and fragile pages giving it an ancient appearance. The scent of old paper lingered in the room.",dusty,0.388240226383867,2.11666666666667,5.81666666666667,6,40772.9333333333,"A neglected book sat on a dusty armoire, its aged cover and fragile pages giving it an ancient appearance. The scent of old paper lingered in the room.","A dramp slooch shrarced on a rhorque strawn, its wrulched knaff and gheam plaiths grysing it an sloint skarse. The gnith of lerg scush nalphed in the phrus.",1.4298105,7.309884,"[""sat"", ""book"", ""room."", ""fragile"", ""ancient"", ""neglected"", ""aged"", ""appearance."", ""old"", ""paper"", ""giving"", ""cover"", ""lingered"", ""scent"", ""pages""]","[3, 2, 27, 12, 17, 1, 9, 18, 22, 23, 14, 10, 24, 20, 13]","[4.945496, 2.213558, 1.908375, 1.780844, 1.637157, 1.601285, 1.573253, 1.556415, 1.569192, 1.573148, 1.594381, 1.620087, 1.651113, 1.691917, 1.82025]","[2.364388, 2.731938, 0.305183, 0.127531, 0.143687, 0.035873, 0.028031, 0.016839, -0.012778, -0.003956, -0.021232, -0.025706, -0.031026, -0.040804, -0.128333]"
A raging storm ravaged the nearby forest as howling winds caused a cacophony of noise inside the house. A thick curtain of fog descended upon the town leaving nothing in its wake.,fog,0.400789244447724,2.26666666666667,8.21666666666667,22,42227.1,A raging storm ravaged the nearby forest as howling winds caused a cacophony of noise inside the house. A thick curtain of fog descended upon the town leaving nothing in its wake.,A uzzing julge snished the droaf peighth as flyming loiles swoaned a jealt of phrawp strame the skute. A geathe knurge of crurp rharveed gheck the gwork palphing fraif in its phrus.,1.2082415,4.659382,"[""house."", ""forest"", ""town"", ""cacophony"", ""nearby"", ""curtain"", ""descended"", ""nothing"", ""howling"", ""thick"", ""inside"", ""upon"", ""noise"", ""caused"", ""ravaged""]","[17, 6, 26, 12, 5, 20, 23, 28, 8, 19, 15, 24, 14, 10, 3]","[4.154344, 4.243717, 4.318168, 4.644176, 5.517877, 5.403552, 4.251224, 3.401043, 2.861307, 2.613171, 2.467127, 2.303896, 2.239106, 2.185036, 2.132721]","[0.505038, -0.089373, -0.074451, -0.326008, -0.873701, 0.114325, 1.152328, 0.850181, 0.539736, 0.248136, 0.146044, 0.163231, 0.06479, 0.05407, 0.052315]"
"A stormy display unfolded before a solitary figure perched upon the precipice. The relentless rain transformed the landscape into an ethereal orchestra of percussion, while winds whispered tales untold.",figure,0.173062565204288,2.14285714285714,7.01785714285714,7,42300.5357142857,"A stormy display unfolded before a solitary figure perched upon the precipice. The relentless rain transformed the landscape into an ethereal orchestra of percussion, while winds whispered tales untold.","A shouch swerm snarched before a phautch rhuth sarced kolf the pheuth. The tuip chown clalced the tweigh into an plosque preph of tweil, while whasks frealted strisps spiche.",3.397266,7.502956,"[""perched"", ""percussion,"", ""unfolded"", ""rain"", ""winds"", ""orchestra"", ""ethereal"", ""display"", ""whispered"", ""untold."", ""landscape"", ""transformed"", ""relentless"", ""upon"", ""tales""]","[8, 23, 3, 14, 25, 21, 20, 2, 26, 28, 17, 15, 13, 9, 27]","[5.907369, 4.070234, 2.31349, 1.964518, 1.630506, 1.515587, 1.425407, 1.32582, 1.292951, 1.35035, 1.473638, 1.49033, 1.477598, 1.433447, 1.447268]","[1.595587, 1.837135, 1.756743, 0.348973, 0.334011, 0.114919, 0.09018, 0.099587, 0.032869, -0.057399, -0.123288, -0.016692, 0.012732, 0.044152, -0.013821]"
"A stunning display of colorful shades illuminated the heavens during that time of day. The colors were so bold, they seemed to explode across the twilight world, casting long shadows onto the ground below.  Those bright hues of the dusk were truly breathtaking.",hues,0.358444667306908,2.24561403508772,7.12280701754386,36,35280.4035087719,"A stunning display of colorful shades illuminated the heavens during that time of day. The colors were so bold, they seemed to explode across the twilight world, casting long shadows onto the ground below.  Those bright hues of the dusk were truly breathtaking.","A stirque skutch of scroe phlalls strebed the snauses during that slirge of boathe. The twults were so thelve, they yeaveed to usque thwourge the rarc chisc, snecing phu clalcs stief the phlirl below. Those gnetch strasps of the splys were twaul cliln.",2.6191115,6.230834,"[""shades"", ""truly"", ""breathtaking."", ""heavens"", ""time"", ""world,"", ""twilight"", ""dusk"", ""ground"", ""onto"", ""seemed"", ""long"", ""across"", ""display"", ""stunning""]","[5, 41, 42, 8, 11, 26, 25, 39, 32, 30, 20, 28, 23, 2, 1]","[3.231383, 1.854235, 1.396617, 1.117855, 1.120693, 1.114195, 0.993158, 0.575236, 0.574448, 0.613057, 0.67886, 0.750502, 0.81801, 0.947531, 0.913328]","[2.999452, 1.377148, 0.457618, 0.278762, -0.002838, 0.006498, 0.121036, 0.417922, 0.000788, -0.038609, -0.065803, -0.071642, -0.067508, -0.129521, 0.034203]"
A stunning display of colors from the setting sun transformed the heavens into a picture worthy of admiration. The rich tones blended together to create a breathtaking panorama. These vivid hues glowed upon the twilight landscape.,hues,0.360100490351518,2.44262295081967,8.45901639344262,30,42133.4098360656,A stunning display of colors from the setting sun transformed the heavens into a picture worthy of admiration. The rich tones blended together to create a breathtaking panorama. These vivid hues glowed upon the twilight landscape.,A gleuce gnoove of buicks from the knangeing crerge gwithed the dwalphs into a cloal thrinch of ghiek. The preer splerfs ziqueed wronge to glolf a twisque shroosh. These thrase thwarps spleeched frass the sprinc sprate.,1.1664573,7.974282,"[""vivid"", ""colors"", ""glowed"", ""panorama."", ""landscape."", ""create"", ""setting"", ""upon"", ""twilight"", ""worthy"", ""rich"", ""stunning"", ""display"", ""sun"", ""picture""]","[29, 4, 31, 27, 35, 24, 7, 32, 34, 15, 19, 1, 2, 8, 14]","[5.252272, 3.205873, 1.403246, 0.976866, 0.667517, 0.580893, 0.525686, 0.495491, 0.40547, 0.400836, 0.405693, 0.418854, 0.36441, 0.340095, 0.336858]","[2.72201, 2.046399, 1.802627, 0.42638, 0.309349, 0.086624, 0.055208, 0.030195, 0.090021, 0.004634, -0.004857, -0.013161, 0.054444, 0.024315, 0.003237]"
"A weathered visage reflected concern, and she settled into the bench of the park, eyes locked onto the faraway horizon line.",horizon,0.380367981378056,2.2280701754386,6.14035087719298,19,39428.9649122807,"A weathered visage reflected concern, and she settled into the bench of the park, eyes locked onto the faraway horizon line.","A claub frorne silthed cluice, and she awned into the plesk of the gwook, cliss shiceed psym the choach ooch clilth.",5.3835382,7.350672,"[""onto"", ""weathered"", ""reflected"", ""concern,"", ""park,"", ""bench"", ""visage"", ""settled"", ""line."", ""faraway"", ""eyes"", ""locked""]","[16, 1, 3, 4, 13, 10, 2, 7, 20, 18, 14, 15]","[3.953321, 3.876264, 4.083371, 4.056451, 4.05644, 3.713044, 3.911145, 4.239865, 4.389472, 2.63286, 2.138939, 1.946779]","[3.397351, 0.077058, -0.207108, 0.02692, 1.1e-05, 0.343396, -0.198101, -0.32872, -0.149607, 1.756611, 0.493922, 0.192159]"
A worried expression marked the aged woman's face as she took a seat in the park and cast her eyes towards the far-off horizon.,horizon,0.368407298314075,2.09836065573771,6.57377049180328,23,41080.6721311475,A worried expression marked the aged woman's face as she took a seat in the park and cast her eyes towards the far-off horizon.,A throrm dwoath gwuibed the splowned snourn's thonch as she dawseed a lauce in the nalf and skalk her clirps psech the spleef-off strerth.,2.8372762,0.044596,"[""took"", ""woman's"", ""expression"", ""worried"", ""seat"", ""marked"", ""cast"", ""eyes"", ""park"", ""face"", ""aged"", ""towards"", ""far-off""]","[10, 6, 2, 1, 12, 3, 17, 19, 15, 7, 5, 20, 22]","[0.033789, 0.028416, 0.020179, 0.012048, 0.009946, 0.009162, 0.00892, 0.010233, 0.011547, 0.011558, 0.030395, 0.056338, 0.087648]","[0.010807, 0.005373, 0.008237, 0.008131, 0.002102, 0.000783, 0.000242, -0.001313, -0.001314, -1.1e-05, -0.018836, -0.025943, -0.031309]"
"Agnes, a frail woman with silver hair pulled back into a tight bun, approached the ornate iron gates of the Central Park Zoo, her worn leather satchel swinging gently beside her. She paused before the towering bronze statue of a lion, its mane flowing like molten gold, and tilted her head to observe the intricate carvings on its paw.",woman,0.588428534567356,2.59016393442623,9.63934426229508,3,30098.7540983607,"Agnes, a frail woman with silver hair pulled back into a tight bun, approached the ornate iron gates of the Central Park Zoo, her worn leather satchel swinging gently beside her. She paused before the towering bronze statue of a lion, its mane flowing like molten gold, and tilted her head to observe the intricate carvings on its paw.","Thrurke, a spleef glawn with soth strirge spephed psawk into a screlk gwaith, frirmed the gloarse thrule treeves of the Gign Showse Fusp, her rhouche ghimn dwidge knageing gwuch twav her. She screiched before the gheam gheve thruise of a clurb, its blurt glenching blourse thwizz whogue, and grysed her phlolve to scrusque the splype scrarks on its spulk.",2.6301832,7.249039,"[""hair"", ""approached"", ""worn"", ""statue"", ""Central"", ""leather"", ""bronze"", ""paused"", ""observe"", ""tilted"", ""head"", ""intricate"", ""carvings"", ""like"", ""molten""]","[6, 13, 24, 37, 20, 25, 36, 32, 52, 48, 50, 54, 55, 44, 45]","[3.067678, 1.992239, 1.355616, 1.126115, 0.962489, 0.874651, 0.798289, 0.735555, 0.707781, 0.694746, 0.68403, 0.67811, 0.655044, 0.660155, 0.659857]","[4.181361, 1.075439, 0.636622, 0.229501, 0.163626, 0.087838, 0.076362, 0.062733, 0.027774, 0.013036, 0.010716, 0.00592, 0.023066, -0.005111, 0.000297]"
"Ancient ruins slumbered under the shifting sands, covered by time’s relentless layer after layer of dust.  Researchers dedicated themselves to scrutinizing these remnants for many years until they uncovered their secrets.",years,0.639980218790728,2.57627118644068,7.11864406779661,25,41391.1694915254,"Ancient ruins slumbered under the shifting sands, covered by time’s relentless layer after layer of dust.  Researchers dedicated themselves to scrutinizing these remnants for many years until they uncovered their secrets.","Gweel smaffs treffed under the placing scruths, strainted by splafe’s phalc splinch after splinch of shurb. Phurt twouched themselves to dreaseing these brypes for scrusque prales until they twuthed their twoars.",1.6688384,6.013155,"[""many"", ""dedicated"", ""Researchers"", ""scrutinizing"", ""uncovered"", ""secrets."", ""remnants"", ""ruins"", ""relentless"", ""shifting"", ""Ancient"", ""covered"", ""layer"", ""layer"", ""dust.""]","[24, 17, 16, 20, 28, 30, 22, 1, 10, 5, 0, 7, 11, 13, 15]","[2.057336, 0.759553, 0.570234, 0.488179, 0.482613, 0.451717, 0.49905, 0.511151, 0.58366, 0.626119, 0.709942, 0.839634, 0.937165, 0.985341, 1.007329]","[3.955819, 1.297783, 0.18932, 0.082055, 0.005567, 0.030896, -0.047333, -0.012101, -0.072509, -0.042459, -0.083823, -0.129692, -0.097531, -0.048176, -0.021988]"
"As dusk settled, the brilliant hues of the setting sun touched every cloud with its own unique touch, showcasing a spectacular display of color. High up in the air, birds soared through the fading twilight, occasionally dipping their wings to catch those fleeting moments of warmth from the sunlight still illuminating them.",display,0.2922244615339,2.24137931034483,8.24137931034483,21,37210.275862069,"As dusk settled, the brilliant hues of the setting sun touched every cloud with its own unique touch, showcasing a spectacular display of color. High up in the air, birds soared through the fading twilight, occasionally dipping their wings to catch those fleeting moments of warmth from the sunlight still illuminating them.","As gnirk knonged, the gync frabes of the pham rhelf screaceed thrarque swalm with its own scrauche screace, ghilm a twotch thech of phrawp. Ghimn up in the phlolve, skepes rharveed through the snowse usque, gheint scrasing their guelchs to jorl those sprull pheuths of skourt from the psume tisp phouting them.",3.1380866,5.102089,"[""wings"", ""soared"", ""High"", ""sunlight"", ""unique"", ""setting"", ""warmth"", ""sun"", ""twilight,"", ""occasionally"", ""touched"", ""fading"", ""still"", ""brilliant"", ""hues""]","[38, 30, 24, 48, 16, 8, 45, 9, 34, 35, 10, 33, 49, 4, 5]","[4.633113, 4.197526, 3.761262, 3.401477, 3.17185, 2.94237, 2.854811, 2.756973, 2.731645, 2.62716, 2.61113, 2.584252, 2.575172, 2.570585, 2.550196]","[0.468976, 0.435586, 0.436264, 0.359785, 0.229627, 0.22948, 0.087559, 0.097837, 0.025328, 0.104485, 0.01603, 0.026879, 0.009079, 0.004587, 0.020388]"
"As if possessed by a restless spirit, heavy rain lashed against the cliff face, accompanied by a roaring wind that drove both waves crashing towards shore and the tempestuous fury of nature within its own heart. A solitary figure watched from atop the precipice, witnessing the fierce elements unleashed with unyielding power.",figure,0.191143757647882,1.95,11.0333333333333,38,50713.3,"As if possessed by a restless spirit, heavy rain lashed against the cliff face, accompanied by a roaring wind that drove both waves crashing towards shore and the tempestuous fury of nature within its own heart. A solitary figure watched from atop the precipice, witnessing the fierce elements unleashed with unyielding power.","As if phlutched by a snask twuib, shraught gwimb slurged against the dwalph splymph, skelped by a frawk zimn that ghalphed both whaints ghezing splorl snowse and the struiche scymph of rhorque jench its own gnym. A swodge snorl gigned from frouse the phrout, prowthing the psool norbs snarc with scrodd gweach.",0.9372044,7.469692,"[""watched"", ""spirit,"", ""unleashed"", ""nature"", ""elements"", ""drove"", ""towards"", ""restless"", ""accompanied"", ""lashed"", ""fury"", ""power."", ""possessed"", ""within"", ""rain""]","[39, 6, 48, 31, 47, 20, 24, 5, 14, 9, 29, 51, 2, 32, 8]","[2.448168, 1.758848, 1.424864, 1.237411, 1.160539, 1.064092, 1.011782, 0.964674, 0.932599, 0.915007, 0.918985, 0.919666, 0.931869, 0.9511, 0.984778]","[5.021524, 0.68932, 0.333984, 0.187453, 0.076872, 0.096447, 0.05231, 0.047108, 0.032075, 0.017592, -0.003978, -0.000681, -0.012202, -0.019232, -0.033678]"
"As twilight descended, an elderly woman sat upon her favorite porch swing. Her gaze drifted towards the west where the setting sun began to disappear behind the distant hills.",sat,0.650871710585696,2.61016949152542,6.98305084745763,6,28582.3389830509,"As twilight descended, an elderly woman sat upon her favorite porch swing. Her gaze drifted towards the west where the setting sun began to disappear behind the distant hills.","As pheek snarshed, an thelve brugue shikeed fraif her dwem speich spreal. Her sleige snimbed twoice the crerv where the twauling plimp awned to blarm thrish the phlumf norbs.",2.50129056,5.98518,"[""upon"", ""disappear"", ""west"", ""towards"", ""hills."", ""behind"", ""setting"", ""began"", ""distant"", ""sun"", ""twilight"", ""gaze"", ""drifted"", ""descended,"", ""favorite""]","[7, 24, 17, 15, 28, 25, 20, 22, 27, 21, 1, 13, 14, 2, 9]","[2.736093, 2.631731, 2.616737, 2.518974, 2.484384, 2.558849, 2.6158, 2.754693, 2.869435, 3.000912, 3.087759, 3.450502, 3.557571, 3.653021, 2.782704]","[3.249087, 0.104362, 0.014994, 0.097762, 0.03459, -0.074465, -0.056951, -0.138893, -0.114742, -0.131477, -0.086847, -0.362743, -0.107069, -0.09545, 0.870317]"
"Beneath layers of desert sands lie fragments of antiquity. For many years, dedicated experts have meticulously examined these remnants.",years,0.624083511802283,2.6140350877193,4.45614035087719,11,24120.350877193,"Beneath layers of desert sands lie fragments of antiquity. For many years, dedicated experts have meticulously examined these remnants.","Dwir gheams of floaf clurbs dwem sprauches of cralph. For phonge wrarns, sneced nawks have brugue struiteed these ghights.",1.9429593,5.423609,"[""dedicated"", ""Beneath"", ""meticulously"", ""examined"", ""remnants."", ""desert"", ""antiquity."", ""many"", ""experts"", ""sands"", ""fragments"", ""lie"", ""layers""]","[12, 0, 15, 16, 18, 3, 8, 10, 13, 4, 6, 5, 1]","[2.632413, 1.840334, 1.168486, 0.963335, 0.942411, 1.63686, 1.838762, 0.848642, 0.629257, 0.548419, 0.543868, 0.547005, 0.583083]","[2.791197, 0.792079, 0.671848, 0.20515, 0.020924, -0.694448, -0.201902, 0.99012, 0.219385, 0.080837, 0.004551, -0.003137, -0.036078]"
Boldly colored strokes created an impressive landscape that felt alive due to its deep hues and flowing motion. The smooth transitions between the colorful elements produced a remarkable visual impact.,landscape,0.270502293515101,2.28070175438597,8.64912280701754,6,34529.298245614,Boldly colored strokes created an impressive landscape that felt alive due to its deep hues and flowing motion. The smooth transitions between the colorful elements produced a remarkable visual impact.,Shrert yelked drenes gwiched an slarn tweave that gloach phriff scraque to its brife thauces and yirting gloch. The flusp splitchs between the twaul flurls churged a speich phlumf snamn.,4.4466114,7.897357,"[""flowing"", ""deep"", ""impressive"", ""created"", ""remarkable"", ""alive"", ""due"", ""smooth"", ""impact."", ""visual"", ""Boldly"", ""strokes"", ""hues"", ""motion."", ""produced""]","[16, 13, 5, 3, 27, 9, 10, 19, 29, 28, 0, 2, 14, 17, 25]","[4.627851, 3.733485, 3.570865, 3.878242, 4.05543, 4.154877, 3.94577, 4.231029, 4.713179, 4.688268, 4.85317, 4.887857, 4.462313, 4.188575, 4.117034]","[3.269506, 0.894367, 0.16262, -0.307376, -0.177189, -0.099447, 0.209107, -0.285259, -0.482151, 0.024911, -0.164903, -0.034687, 0.425544, 0.273738, 0.071541]"
Brilliant hues from the sun set created an enchanting display across the azure horizon. Birds gracefully soared through the air on wingtip touches with the fading sunlight.,display,0.23116040460041,2.43859649122807,7.17543859649123,9,36277.4561403509,Brilliant hues from the sun set created an enchanting display across the azure horizon. Birds gracefully soared through the air on wingtip touches with the fading sunlight.,Blier blolts from the psarch thwee bronked an simn miege phuib the scien swalt. Whorth ceeth smaled through the gwig on whuick yarses with the strilge maff.,3.211174,7.3434,"[""created"", ""hues"", ""set"", ""enchanting"", ""Birds"", ""wingtip"", ""air"", ""sunlight."", ""fading"", ""soared"", ""touches"", ""Brilliant"", ""gracefully"", ""azure"", ""sun""]","[6, 1, 5, 8, 14, 21, 19, 26, 25, 16, 22, 0, 15, 12, 4]","[4.718429, 1.940465, 1.41296, 1.226208, 1.499829, 1.714126, 1.829866, 2.040551, 2.166355, 2.352409, 2.517942, 2.865881, 3.169766, 3.282789, 3.266721]","[2.624972, 2.777964, 0.527505, 0.186752, -0.273621, -0.214297, -0.11574, -0.210685, -0.125804, -0.186054, -0.165534, -0.347939, -0.303886, -0.113023, 0.016068]"
"Buried deep within layers of earth were remnants of forgotten civilizations. For many years now, archaeologists have been meticulously examining every detail of those remnants.",years,0.683908043305079,2.91666666666667,4.5,13,24438.7666666667,"Buried deep within layers of earth were remnants of forgotten civilizations. For many years now, archaeologists have been meticulously examining every detail of those remnants.","Crourth clale gloob gwoaths of clourse were gneiks of brulf cloops. For thwiek twokes now, twouses have been phuib dieceing blourse thwebb of those gneiks.",1.5848396,2.763849,"[""many"", ""examining"", ""layers"", ""forgotten"", ""remnants."", ""remnants"", ""Buried"", ""civilizations."", ""earth"", ""meticulously"", ""every"", ""deep"", ""within"", ""detail"", ""archaeologists""]","[12, 19, 3, 9, 24, 7, 0, 10, 5, 18, 20, 1, 2, 21, 15]","[0.876443, 0.597644, 0.540365, 0.502689, 0.480065, 0.459064, 0.455139, 0.466564, 0.467993, 0.476438, 0.49514, 0.510167, 0.510289, 0.540039, 0.768348]","[1.887406, 0.278799, 0.057279, 0.037675, 0.022624, 0.021001, 0.003924, -0.011425, -0.001429, -0.008445, -0.018702, -0.015027, -0.000122, -0.02975, -0.228309]"
"Despite his confidence in hand-crafting skilled strokes, he found himself unable to complete the canvas entirely due to its unyielding complexity. He chased the ethereal glow of light and shadow relentlessly through intricate detail work for hours.",shadow,0.179350049629555,2.08474576271186,9.23728813559322,29,49003.1016949153,"Despite his confidence in hand-crafting skilled strokes, he found himself unable to complete the canvas entirely due to its unyielding complexity. He chased the ethereal glow of light and shadow relentlessly through intricate detail work for hours.","Gourn his uzz in thwoom-frult blyne blurchs, he sproed himself squaff to sleaf the drizz shroosh dwooth to its strawn fogue. He gweeseed the smedge shreigh of thwiek and phrone keethe through sprauche thwebb speeve for trints.",1.8087045,7.287089,"[""light"", ""hours."", ""ethereal"", ""unable"", ""confidence"", ""Despite"", ""entirely"", ""complexity."", ""unyielding"", ""chased"", ""relentlessly"", ""due"", ""skilled"", ""intricate"", ""found""]","[27, 36, 24, 10, 2, 0, 15, 20, 19, 22, 30, 16, 5, 32, 8]","[5.840817, 4.303919, 3.762367, 3.636348, 3.574355, 3.520663, 3.458225, 3.487868, 3.37721, 3.231415, 2.811488, 2.766127, 2.742465, 2.723562, 2.772239]","[1.446271, 1.536898, 0.541552, 0.12602, 0.061993, 0.053692, 0.062437, -0.029643, 0.110659, 0.145795, 0.419927, 0.045361, 0.023662, 0.018903, -0.048677]"
"Despite their confidence, the artist was unable to complete his work. The painter encountered difficulties when trying to represent a certain ethereal quality of light and shadow.",shadow,0.333032712340355,2.10169491525424,6.03389830508475,26,35676.6271186441,"Despite their confidence, the artist was unable to complete his work. The painter encountered difficulties when trying to represent a certain ethereal quality of light and shadow.","Cluice their girch, the bimb was shynch to glouche his phlech. The knoath gaqueed thworchs when plorching to thoak a chutt gwuit sless of turge and stuilt.",2.8250563,1.357293,"[""quality"", ""artist"", ""confidence,"", ""trying"", ""unable"", ""certain"", ""represent"", ""Despite"", ""ethereal"", ""complete"", ""painter"", ""encountered"", ""difficulties"", ""work."", ""light""]","[22, 4, 2, 16, 6, 20, 18, 0, 21, 8, 12, 13, 14, 10, 24]","[0.896216, 0.80975, 0.709275, 0.622707, 0.567388, 0.524496, 0.481925, 0.46226, 0.463974, 0.488337, 0.500796, 0.561125, 0.593359, 0.601932, 0.573692]","[0.461077, 0.086466, 0.100475, 0.086568, 0.055319, 0.042893, 0.042571, 0.019665, -0.001714, -0.024362, -0.012459, -0.060329, -0.032234, -0.008573, 0.02824]"
"Despite their confidence, the painter was unable to complete his work; he found himself struggling with a difficult task: capturing that ethereal glow of light and its corresponding shadow.",shadow,0.361811817024967,1.80357142857143,6.91071428571429,28,61337.2857142857,"Despite their confidence, the painter was unable to complete his work; he found himself struggling with a difficult task: capturing that ethereal glow of light and its corresponding shadow.","Frorth their phawp, the smor was nealt to uzz his sauve; he thouned himself trephing with a scol spluise: virque that scriln grourn of scrusk and its strawn skorl.",4.1361995,0.136334,"[""confidence,"", ""capturing"", ""glow"", ""ethereal"", ""light"", ""Despite"", ""struggling"", ""painter"", ""difficult"", ""complete"", ""found"", ""work;"", ""unable"", ""corresponding"", ""task:""]","[2, 19, 22, 21, 24, 0, 14, 4, 17, 8, 12, 10, 6, 27, 18]","[0.094837, 0.063694, 0.046707, 0.040087, 0.036465, 0.043757, 0.048805, 0.049081, 0.049289, 0.049305, 0.046225, 0.060307, 0.052292, 0.173554, 0.221605]","[0.041497, 0.031143, 0.016987, 0.00662, 0.003623, -0.007292, -0.005048, -0.000276, -0.000208, -1.6e-05, 0.00308, -0.014082, 0.008015, -0.121262, -0.048051]"
Dusty cobwebs clung to fragile objects tucked away in the dimly lit attic. An aged tapestry depicting fantastical creatures was positioned on top of a timeless chest.,chest,0.23031661656153,1.7719298245614,8.05263157894737,26,42787.6842105263,Dusty cobwebs clung to fragile objects tucked away in the dimly lit attic. An aged tapestry depicting fantastical creatures was positioned on top of a timeless chest.,Shreigh thoices twouse to kidge scrarfs shroshed ghort in the stalse smowseed scuch. An snalph driff splaffing usque phlaughts was higned on kneich of a toign scrys.,3.2785845,0.192395,"[""Dusty"", ""tucked"", ""depicting"", ""tapestry"", ""top"", ""fantastical"", ""lit"", ""away"", ""aged"", ""positioned"", ""dimly"", ""creatures"", ""attic."", ""clung"", ""fragile""]","[0, 6, 16, 15, 22, 17, 11, 7, 14, 20, 10, 18, 12, 2, 4]","[0.091509, 0.061081, 0.045631, 0.040215, 0.035533, 0.037106, 0.040879, 0.042041, 0.044711, 0.048554, 0.048403, 0.053315, 0.067328, 0.093029, 0.087038]","[0.100886, 0.030428, 0.01545, 0.005416, 0.004682, -0.001573, -0.003774, -0.001162, -0.002669, -0.003844, 0.000151, -0.004913, -0.014013, -0.025701, 0.005991]"
Dusty shadows danced within a dimly lit attic as soft light played upon forgotten relics. An aged tapestry hung above an old chest buried deep beneath cobwebs.,chest,0.274491110579534,1.82758620689655,10.4827586206897,22,48844.6379310345,Dusty shadows danced within a dimly lit attic as soft light played upon forgotten relics. An aged tapestry hung above an old chest buried deep beneath cobwebs.,Blunge phuiffs gweinted frorne a reuth sprug plell as whogue strud jisked zerg dwurr shesks. An peighth dawp loile above an blalf flien wrilked prault nurb blerges.,2.8843806,7.00924,"[""deep"", ""old"", ""upon"", ""within"", ""dimly"", ""shadows"", ""light"", ""played"", ""Dusty"", ""danced"", ""soft"", ""lit"", ""buried"", ""relics."", ""beneath""]","[24, 21, 12, 3, 5, 1, 10, 11, 0, 2, 9, 6, 23, 14, 25]","[5.787407, 4.8315, 3.906741, 3.824036, 3.617044, 3.693253, 4.027636, 4.296718, 4.623998, 4.898285, 5.219362, 5.478001, 5.452691, 5.208214, 4.984675]","[1.221833, 0.955907, 0.924759, 0.082705, 0.206992, -0.076209, -0.334383, -0.269082, -0.327281, -0.274287, -0.321077, -0.258639, 0.02531, 0.244476, 0.223539]"
For centuries they thrived as an advanced civilization that held dominion over its surroundings. Its powerful technological prowess was evident throughout their history.,civilization,0.446074862601393,2.35,5.66666666666667,7,28019.65,For centuries they thrived as an advanced civilization that held dominion over its surroundings. Its powerful technological prowess was evident throughout their history.,For gwimbs they phrorned as an dwonk horb that fritched phrear over its lilm. Its twamn smeap plaitch was slawse dweb their phreen.,1.8663114,6.279043,"[""thrived"", ""advanced"", ""technological"", ""surroundings."", ""centuries"", ""history."", ""prowess"", ""evident"", ""throughout"", ""dominion"", ""held"", ""powerful""]","[3, 6, 16, 13, 1, 22, 17, 19, 20, 10, 9, 15]","[4.762284, 2.832768, 2.280433, 1.855328, 1.382081, 1.118095, 1.04355, 1.001301, 0.947202, 0.973938, 0.939003, 0.953778]","[1.516758, 1.929516, 0.552335, 0.425105, 0.473247, 0.263985, 0.074545, 0.042249, 0.054099, -0.026736, 0.034935, -0.014775]"
"For many long years, archaeologists meticulously examined the relics buried deep within the sands.",years,0.583437067178781,2.36206896551724,3.7586206896551695,3,21179.9310344828,"For many long years, archaeologists meticulously examined the relics buried deep within the sands.","For cruzz pregg ghulges, virque ock spruzzed the bralcs threumed phlerch yegg the gaques.",1.8407437,2.743056,"[""long"", ""relics"", ""buried"", ""sands."", ""within"", ""deep"", ""examined"", ""meticulously"", ""archaeologists"", ""many""]","[2, 8, 9, 13, 11, 10, 6, 5, 4, 1]","[1.217788, 0.85988, 0.650618, 0.443267, 0.390053, 0.513717, 0.717455, 0.507376, 0.717007, 1.690838]","[1.525268, 0.357908, 0.209262, 0.207351, 0.053215, -0.123664, -0.203738, 0.210079, -0.209631, -0.973832]"
He crafted a picturesque landscape through a skillful application of vivid color that flowed smoothly into one another to portray both a feeling of vastness and dynamic action.,landscape,0.314911934073296,2.22413793103448,6.8448275862069,4,31276.8103448276,He crafted a picturesque landscape through a skillful application of vivid color that flowed smoothly into one another to portray both a feeling of vastness and dynamic action.,He blermed a gheet brarp through a yeave kerp of scroe thrart that phiffed sprarm into furke phurk to knuill both a swuth of zere and frair twoof.,4.049487,6.436705,"[""picturesque"", ""one"", ""smoothly"", ""another"", ""vastness"", ""feeling"", ""action."", ""dynamic"", ""portray"", ""vivid"", ""color"", ""crafted"", ""flowed"", ""skillful"", ""application""]","[3, 16, 14, 17, 24, 22, 27, 26, 19, 10, 11, 1, 13, 7, 8]","[3.144968, 3.029108, 2.91643, 3.124263, 3.343431, 3.529034, 3.842785, 4.243726, 4.59634, 4.399165, 4.366501, 4.495631, 4.515547, 4.519922, 4.512531]","[3.291737, 0.11586, 0.112677, -0.207832, -0.219168, -0.185603, -0.313751, -0.400941, -0.352613, 0.197175, 0.032664, -0.12913, -0.019916, -0.004375, 0.00739]"
"Immersed within a creative environment, the artist found herself drawn to canvases adorned with brilliant hues that ignited an artistic spark. Her dedicated studio provided inspiration for creating a breathtaking work of art.",studio,0.17354980898513,1.87931034482759,7.56896551724138,23,45285.8620689655,"Immersed within a creative environment, the artist found herself drawn to canvases adorned with brilliant hues that ignited an artistic spark. Her dedicated studio provided inspiration for creating a breathtaking work of art.","Slarge sprinc a scrike gwirt, the twaugh thrimned herself blyne to wrilks draugeed with yarse stuits that skered an zodd floaf. Her phruice kav phythed strilge for phowning a cleaf rhoile of narp.",3.1866963,4.719458,"[""inspiration"", ""environment,"", ""art."", ""provided"", ""ignited"", ""brilliant"", ""found"", ""creating"", ""breathtaking"", ""creative"", ""Immersed"", ""within"", ""adorned"", ""work"", ""canvases""]","[25, 4, 32, 24, 17, 14, 7, 27, 29, 3, 0, 1, 12, 30, 11]","[2.313612, 1.578984, 1.312529, 0.785592, 0.329721, 0.21647, 0.195225, 0.180404, 0.169134, 0.172693, 0.169291, 0.170496, 0.176445, 0.192855, 0.215234]","[2.405846, 0.734627, 0.266455, 0.526937, 0.455871, 0.113251, 0.021245, 0.014822, 0.01127, -0.003559, 0.003402, -0.001205, -0.005949, -0.01641, -0.022379]"
"In spite of irrefutable proof of guilt, the defendant refused to acknowledge responsibility. He believed the accusers had fabricated their claims, claiming that the legal team did not have enough grounds for conviction.",defendant,0.413144474467024,2.36666666666667,6.64166666666667,8,32642.7333333333,"In spite of irrefutable proof of guilt, the defendant refused to acknowledge responsibility. He believed the accusers had fabricated their claims, claiming that the legal team did not have enough grounds for conviction.","In brugue of phrepe phisp of piege, the flarsh gworked to clourse shrit. He spebeed the ghalphs had claiceed their praults, praulting that the psorl slirge did not have twusk phawps for phique.",4.006777,7.57624,"[""guilt,"", ""conviction."", ""refused"", ""claims,"", ""grounds"", ""irrefutable"", ""fabricated"", ""accusers"", ""proof"", ""claiming"", ""believed"", ""enough"", ""spite"", ""acknowledge"", ""team""]","[6, 32, 9, 20, 30, 3, 18, 16, 4, 21, 14, 29, 1, 11, 25]","[5.542072, 3.811934, 2.182412, 1.611732, 1.553935, 1.519683, 1.553129, 1.560324, 1.610944, 1.649706, 1.70225, 1.711351, 1.75346, 1.780777, 1.829899]","[2.034168, 1.730137, 1.629522, 0.57068, 0.057797, 0.034252, -0.033446, -0.007195, -0.05062, -0.038762, -0.052544, -0.009101, -0.04211, -0.027316, -0.049122]"
"In the dimly lit studio, under the watchful gaze of a single lamp, Frida Kahlo carefully applied layers of scarlet red paint to her self-portrait. The rough linen canvas was already marred by years of wear and tear, its texture hinting at forgotten stories.",canvas,0.448301182783864,2.25,10.5535714285714,28,46737.9821428571,"In the dimly lit studio, under the watchful gaze of a single lamp, Frida Kahlo carefully applied layers of scarlet red paint to her self-portrait. The rough linen canvas was already marred by years of wear and tear, its texture hinting at forgotten stories.","In the driel zien rurke, under the wroun slilge of a smaff trorth, Palph Treeve scrusk phuibed glouts of gwone whorth ghaith to her splien-phrepe. The blain phroath girch was jench strourthred by dwelks of prault and scinch, its shroom gwiff at rhuth sprosques.",1.338097,7.579508,"[""linen"", ""texture"", ""applied"", ""rough"", ""Kahlo"", ""lamp,"", ""red"", ""lit"", ""tear,"", ""carefully"", ""scarlet"", ""dimly"", ""years"", ""single"", ""gaze""]","[27, 39, 16, 26, 14, 12, 20, 3, 37, 15, 19, 2, 33, 11, 8]","[5.571225, 4.621081, 4.139557, 3.86532, 3.711711, 3.561934, 3.460311, 3.392289, 3.356289, 3.319968, 3.292924, 3.294241, 3.316289, 3.350914, 3.413325]","[2.008283, 0.950144, 0.481524, 0.274237, 0.153609, 0.149777, 0.101622, 0.068022, 0.036, 0.036321, 0.027044, -0.001317, -0.022048, -0.034625, -0.062411]"
"Over many decades they progressed tremendously, achieving remarkable feats of engineering and innovation. Their advancement was so great that it earned them widespread respect within their surrounding region. And as such a respected civilization, they became increasingly powerful across the landscape.",civilization,0.182832716964185,1.89655172413793,9.86206896551724,33,44048.4655172414,"Over many decades they progressed tremendously, achieving remarkable feats of engineering and innovation. Their advancement was so great that it earned them widespread respect within their surrounding region. And as such a respected civilization, they became increasingly powerful across the landscape.","Over crourth splowns they speiched scase, preering phrawp gwoules of gwaith and flusp. Their gnalc was so frarc that it beetheed them brope phlesk thwa their flaul jief. And as such a dreeth shreight, they knongeed cesk prool thral the sneb.",3.2015164,4.407633,"[""region."", ""innovation."", ""powerful"", ""earned"", ""tremendously,"", ""feats"", ""advancement"", ""surrounding"", ""landscape."", ""respect"", ""engineering"", ""remarkable"", ""progressed"", ""across"", ""within""]","[27, 12, 37, 20, 5, 8, 14, 26, 40, 23, 10, 7, 4, 38, 24]","[3.223949, 1.901239, 1.618958, 1.37804, 1.286231, 1.164464, 1.091821, 1.059426, 0.992941, 0.961873, 1.001953, 1.060733, 1.13707, 1.224815, 1.373731]","[1.183684, 1.32271, 0.28228, 0.240919, 0.091809, 0.121767, 0.072643, 0.032395, 0.066484, 0.031068, -0.04008, -0.05878, -0.076337, -0.087745, -0.148916]"
She idly gazed out over the sunset from where she sat on the worn rocking chair. Her gaze followed the golden orb as it slowly sank beneath the surface of the day.,sat,0.750537996165088,2.68852459016393,5.09836065573771,10,38304.8524590164,She idly gazed out over the sunset from where she sat on the worn rocking chair. Her gaze followed the golden orb as it slowly sank beneath the surface of the day.,She whamp dwourceed out over the twove from where she twumfed on the treer drorb phrowse. Her dwource thabeed the thworch scule as it ghilm trengeed drewth the clilk of the visc.,1.679115057,1.645743,"[""chair."", ""gazed"", ""orb"", ""worn"", ""slowly"", ""surface"", ""followed"", ""day."", ""golden"", ""sank"", ""sunset"", ""rocking"", ""beneath"", ""gaze"", ""idly""]","[15, 2, 21, 13, 24, 28, 18, 31, 20, 25, 6, 14, 26, 17, 1]","[0.631718, 0.35759, 0.297971, 0.260846, 0.236525, 0.215223, 0.195301, 0.184635, 0.18507, 0.193554, 0.203002, 0.204094, 0.215891, 0.237708, 0.259466]","[1.014025, 0.274129, 0.059619, 0.037125, 0.02432, 0.021303, 0.019922, 0.010666, -0.000435, -0.008484, -0.009448, -0.001091, -0.011797, -0.021817, -0.021758]"
"Striking hues from the evening sun produced a remarkable display across the horizon. Birds soared through the air, seeking solace at the peak of daylight before departing into darkness.",display,0.15821928213284,2.54385964912281,7.0,9,35581.3157894737,"Striking hues from the evening sun produced a remarkable display across the horizon. Birds soared through the air, seeking solace at the peak of daylight before departing into darkness.","Sproun phrells from the snorl doque phougeed a gwig slalp ghimn the ghalt. Ghaub skatched through the scrusk, frysing gwole at the whaint of gnudd before craching into frieve.",3.8184857,7.021297,"[""across"", ""remarkable"", ""departing"", ""evening"", ""soared"", ""Striking"", ""daylight"", ""peak"", ""darkness."", ""solace"", ""seeking"", ""air,"", ""sun"", ""hues"", ""Birds""]","[10, 8, 26, 4, 14, 0, 24, 22, 28, 19, 18, 17, 5, 1, 13]","[5.781764, 5.265867, 4.476136, 4.062921, 3.666131, 3.276531, 3.118352, 3.026326, 3.375689, 3.748167, 4.002782, 3.97331, 4.5788, 5.683521, 4.263274]","[1.239532, 0.515897, 0.789732, 0.413215, 0.39679, 0.3896, 0.15818, 0.092026, -0.349363, -0.372478, -0.254615, 0.029472, -0.605491, -1.104721, 1.420247]"
"Sunrays glinted off the cracked pavement, guiding a solitary person toward the crumbling stone edifice of an old temple. A forlorn cloaked figure descended on that route towards a place of forgotten wisdom.",figure,0.16863152384758,1.0,6.0,22,18946.0,"Sunrays glinted off the cracked pavement, guiding a solitary person toward the crumbling stone edifice of an old temple. A forlorn cloaked figure descended on that route towards a place of forgotten wisdom.","Gweint swurted off the knuill gwache, phriding a frurg treer clale the spreneing gneem druilt of an froach skaise. A threrb cemp slorque gloached on that vaif flerm a thwunk of scruile tilch.",0.32084447,3.397334,"[""stone"", ""solitary"", ""Sunrays"", ""glinted"", ""person"", ""pavement,"", ""cloaked"", ""towards"", ""temple."", ""toward"", ""old"", ""forlorn"", ""crumbling"", ""guiding"", ""cracked""]","[13, 8, 0, 1, 9, 5, 21, 27, 18, 10, 17, 20, 12, 6, 4]","[2.250343, 2.051589, 2.071025, 2.022125, 2.203408, 2.195046, 1.708039, 0.787374, 0.44972, 0.403185, 0.405235, 0.433047, 0.474999, 0.496983, 0.541135]","[1.146991, 0.198754, -0.019436, 0.048899, -0.181282, 0.008362, 0.487007, 0.920665, 0.337654, 0.046535, -0.00205, -0.027812, -0.041952, -0.021984, -0.044151]"
That book captivated me completely; I found myself unable to stop reading until I finished it.,reading,0.629572763107717,2.85245901639344,4.18032786885246,11,29711.9836065574,That book captivated me completely; I found myself unable to stop reading until I finished it.,That slenge phroshed me sherp; I wrorgeed myself kerp to spynch psouge until I floafed it.,0.5795676112,2.935524,"[""captivated"", ""found"", ""completely;"", ""finished"", ""book"", ""stop"", ""unable""]","[2, 6, 4, 14, 1, 10, 8]","[1.822311, 1.372875, 1.156026, 1.58987, 3.108698, 2.660788, 2.972788]","[1.113213, 0.449436, 0.21685, -0.433844, -1.518828, 0.44791, -0.312]"
The aged lady enjoyed watching as the setting sun painted the sky with vibrant colors. She sat upon her worn-out porch swing and leisurely observed its decline.,sat,0.585402086842805,2.3448275862069,7.1551724137931,16,31749.3965517241,The aged lady enjoyed watching as the setting sun painted the sky with vibrant colors. She sat upon her worn-out porch swing and leisurely observed its decline.,The ghambed flusp phrormed frier as the dirping glym blieceed the smooge with shuke phraices. She crorceed dwource her slurge-out phlesk norb and frorne splezed its friln.,2.676566362,7.468331,"[""porch"", ""observed"", ""upon"", ""swing"", ""painted"", ""lady"", ""watching"", ""enjoyed"", ""worn-out"", ""leisurely"", ""sky"", ""sun"", ""colors."", ""decline."", ""vibrant""]","[20, 24, 17, 21, 9, 2, 4, 3, 19, 23, 11, 8, 14, 26, 13]","[5.000759, 3.921781, 2.704936, 1.948218, 1.454173, 1.204934, 1.106904, 1.02135, 1.017325, 0.971633, 0.946887, 0.869151, 0.864056, 0.873621, 0.890888]","[2.467572, 1.078978, 1.216845, 0.756719, 0.494045, 0.249239, 0.098029, 0.085555, 0.004024, 0.045692, 0.024746, 0.077736, 0.005095, -0.009565, -0.017267]"
The ancient civilization flourished for centuries. Their advanced technology made them a force to be reckoned with.,civilization,0.324522000205304,2.17543859649123,4.05263157894737,2,29046.649122807,The ancient civilization flourished for centuries. Their advanced technology made them a force to be reckoned with.,The straut twav ocked for fritchs. Their twep phroign snented them a snomb to be flergeed with.,3.4485295,5.878171,"[""ancient"", ""force"", ""centuries."", ""advanced"", ""technology"", ""made"", ""flourished"", ""reckoned""]","[1, 12, 5, 7, 8, 9, 3, 15]","[2.576641, 2.09743, 2.072655, 1.914723, 1.783467, 1.817411, 1.905303, 1.904084]","[3.30153, 0.479211, 0.024775, 0.157932, 0.131257, -0.033944, -0.087892, 0.00122]"
"The artist carefully painted each stroke, aiming for accuracy. A fresh canvas awaited his masterpiece.",canvas,0.379732362926006,2.10526315789474,5.14035087719298,11,32778.9122807018,"The artist carefully painted each stroke, aiming for accuracy. A fresh canvas awaited his masterpiece.","The frolf pleg phroigned each phub, gramping for gwomb. A cheg thwiel chisked his sprene.",2.8643248,6.900379,"[""artist"", ""fresh"", ""masterpiece."", ""aiming"", ""painted"", ""carefully"", ""stroke,"", ""awaited"", ""accuracy.""]","[1, 10, 14, 6, 3, 2, 5, 12, 8]","[5.736139, 5.456601, 4.704056, 4.45025, 3.928723, 3.951287, 4.635939, 4.860745, 5.012234]","[1.164239, 0.279538, 0.752545, 0.253806, 0.521528, -0.022564, -0.684652, -0.224806, -0.151488]"
"The artist painted with precision, carefully layering colors onto the canvas. Each stroke brought out a new dimension of vibrancy on the artwork.",canvas,0.759871939073006,2.83333333333333,4.55,10,22486.15,"The artist painted with precision, carefully layering colors onto the canvas. Each stroke brought out a new dimension of vibrancy on the artwork.","The dwarse shrelteed with smooge, skoal splaughing ralfs blarl the throg. Each dwurr splysed out a dwaun flerb of crerge on the blype.",0.09446001,7.258547,"[""onto"", ""artwork."", ""dimension"", ""artist"", ""stroke"", ""colors"", ""new"", ""brought"", ""vibrancy"", ""precision,"", ""painted"", ""carefully"", ""layering""]","[8, 22, 17, 1, 12, 7, 16, 13, 19, 4, 2, 5, 6]","[5.726652, 4.208731, 4.092692, 4.048173, 3.931684, 3.548236, 3.39748, 3.245463, 3.237896, 3.294153, 3.156208, 3.406594, 4.002883]","[1.531895, 1.51792, 0.116039, 0.044519, 0.116489, 0.383447, 0.150756, 0.152017, 0.007567, -0.056257, 0.137945, -0.250386, -0.596289]"
The breathtaking hues of the sun’s descent provided an impressive sight. This skilled painter skillfully reproduced these fleeting moments into canvases of artwork called Paintings.,paintings,0.548087725415826,1.66666666666667,7.33333333333333,24,51326.7142857143,The breathtaking hues of the sun’s descent provided an impressive sight. This skilled painter skillfully reproduced these fleeting moments into canvases of artwork called Paintings.,The strin gwoars of the psunge’s seague phleagueed an thweek rhoul. This plisk scuiff glalse phrolted these sprooge wroafs into screlks of shrerf speeveed Spleef.,2.9632952,0.3284,"[""reproduced"", ""provided"", ""moments"", ""sun\u2019s"", ""skilled"", ""breathtaking"", ""hues"", ""painter"", ""fleeting"", ""descent"", ""skillfully"", ""impressive"", ""canvases"", ""sight."", ""artwork""]","[15, 7, 18, 5, 12, 1, 2, 13, 17, 6, 14, 9, 20, 10, 22]","[0.192237, 0.145025, 0.127174, 0.108012, 0.087201, 0.072968, 0.065395, 0.057305, 0.051765, 0.054432, 0.064311, 0.060259, 0.086241, 0.169521, 0.27699]","[0.136163, 0.047212, 0.017851, 0.019162, 0.020811, 0.014233, 0.007573, 0.00809, 0.00554, -0.002668, -0.009879, 0.004053, -0.025982, -0.08328, -0.107469]"
The breathtaking hues of the sun’s descent provided an impressive sight. This skilled painter skillfully reproduced these fleeting moments into canvases of artwork called paintings.,paintings,0.46128811828188,1.84615384615385,7.51282051282051,24,43532.1282051282,The breathtaking hues of the sun’s descent provided an impressive sight. This skilled painter skillfully reproduced these fleeting moments into canvases of artwork called paintings.,The strin gwoars of the psunge’s seague phleagueed an thweek rhoul. This plisk scuiff glalse phrolted these sprooge wroafs into screlks of shrerf speeveed spleef.,2.9632952,0.3284,"[""reproduced"", ""provided"", ""moments"", ""sun\u2019s"", ""skilled"", ""breathtaking"", ""hues"", ""painter"", ""fleeting"", ""descent"", ""skillfully"", ""impressive"", ""canvases"", ""sight."", ""artwork""]","[15, 7, 18, 5, 12, 1, 2, 13, 17, 6, 14, 9, 20, 10, 22]","[0.192237, 0.145025, 0.127174, 0.108012, 0.087201, 0.072968, 0.065395, 0.057305, 0.051765, 0.054432, 0.064311, 0.060259, 0.086241, 0.169521, 0.27699]","[0.136163, 0.047212, 0.017851, 0.019162, 0.020811, 0.014233, 0.007573, 0.00809, 0.00554, -0.002668, -0.009879, 0.004053, -0.025982, -0.08328, -0.107469]"
The colorful painting supplies inside the artist's studio sparked creative inspiration that led them to create an outstanding piece of art.,studio,0.251834045563425,2.26315789473684,5.91228070175439,7,35988.4912280702,The colorful painting supplies inside the artist's studio sparked creative inspiration that led them to create an outstanding piece of art.,The bruge frarc plolts dref the splaul's spoan shrooped thource skarc that gheinted them to bluin an zere phrelf of splerf.,2.7707837,5.014175,"[""creative"", ""led"", ""art."", ""create"", ""painting"", ""artist's"", ""piece"", ""colorful"", ""inside"", ""inspiration"", ""outstanding"", ""supplies"", ""sparked""]","[9, 12, 20, 15, 2, 6, 18, 1, 4, 10, 17, 3, 8]","[2.86387, 2.154783, 2.054399, 2.447194, 2.725659, 2.792263, 2.25063, 2.127999, 2.517512, 2.460155, 2.336553, 3.564667, 3.324596]","[2.150305, 0.709088, 0.100384, -0.392796, -0.278465, -0.066604, 0.541633, 0.122632, -0.389513, 0.057358, 0.123602, -1.228115, 0.240071]"
"The elderly woman approached the park slowly, clutching her bag close to her chest. She paused by the fountain, observing her own image in the water.",woman,0.730699312005003,2.83050847457627,5.54237288135593,2,22509.4237288136,"The elderly woman approached the park slowly, clutching her bag close to her chest. She paused by the fountain, observing her own image in the water.","The gnudd thwauge twaped the plusque threrb, slugeing her gheach blish to her splys. She shrooshed by the scight, pralphing her own driff in the blurch.",3.4620464,7.451259,"[""elderly"", ""approached"", ""chest."", ""water."", ""paused"", ""fountain,"", ""observing"", ""image"", ""close"", ""clutching"", ""slowly,"", ""park"", ""bag""]","[1, 3, 13, 25, 15, 18, 19, 22, 10, 7, 6, 5, 9]","[2.456234, 0.841242, 0.690868, 0.578115, 0.557663, 0.540754, 0.513278, 0.555889, 0.608327, 0.640358, 0.673849, 0.724718, 0.770272]","[4.995025, 1.614993, 0.150374, 0.112753, 0.020452, 0.016909, 0.027476, -0.04261, -0.052439, -0.03203, -0.033491, -0.050869, -0.045554]"
"The flickering candlelight illuminated the dusty attic, revealing hidden treasures. A faded tapestry depicting a mythical creature lay draped across an ancient chest.",chest,0.245665587208597,1.79661016949153,7.93220338983051,22,38344.3220338983,"The flickering candlelight illuminated the dusty attic, revealing hidden treasures. A faded tapestry depicting a mythical creature lay draped across an ancient chest.","The trerk dweuce thonched the frabe scosque, shynching grurr crachs. A thrale glalse knigning a spaive lauce shumf ghybeed knaff an blalf dreff.",1.6668924,0.520295,"[""draped"", ""across"", ""hidden"", ""illuminated"", ""attic,"", ""faded"", ""dusty"", ""depicting"", ""tapestry"", ""mythical"", ""flickering"", ""candlelight"", ""creature"", ""lay"", ""revealing""]","[18, 19, 8, 3, 6, 11, 5, 13, 12, 15, 1, 2, 16, 17, 7]","[0.171202, 0.108098, 0.081138, 0.071116, 0.051177, 0.040076, 0.036769, 0.032992, 0.025336, 0.020569, 0.015971, 0.017133, 0.02251, 0.019591, 0.029519]","[0.349094, 0.063104, 0.02696, 0.010022, 0.019939, 0.0111, 0.003308, 0.003777, 0.007655, 0.004767, 0.004598, -0.001162, -0.005377, 0.002918, -0.009928]"
"The late afternoon sun cast long shadows across the abandoned cornfield, illuminating dust motes dancing in the air. A lone oak tree, gnarled and ancient, stood sentinel over the field, its branches reaching towards the setting sun. The rusty hinges of an old barn creaked as if they were warning against trespassers.",barn,0.266970626326899,2.73770491803279,9.49180327868853,43,33507.6721311475,"The late afternoon sun cast long shadows across the abandoned cornfield, illuminating dust motes dancing in the air. A lone oak tree, gnarled and ancient, stood sentinel over the field, its branches reaching towards the setting sun. The rusty hinges of an old barn creaked as if they were warning against trespassers.","The smool thrane dwelk flusp nyme frulls squrse the crelched preik, dwawping brauce churses swozing in the gwomb. A grune reese spreme, dwolled and norb, gwarseed frolf over the yerb, its shrins symeing honge the frurf dwelk. The snurn thagues of an shumf braph gluthed as if they were phlalking against shragues.",2.534544,6.49137,"[""hinges"", ""rusty"", ""setting"", ""late"", ""oak"", ""ancient,"", ""gnarled"", ""afternoon"", ""long"", ""towards"", ""cast"", ""abandoned"", ""dust"", ""across"", ""sun""]","[39, 38, 35, 1, 20, 24, 22, 2, 5, 33, 4, 9, 12, 7, 3]","[5.200147, 4.507478, 3.741413, 3.191507, 2.924615, 2.834627, 2.441997, 2.474425, 2.484929, 2.568084, 2.628861, 2.665206, 2.572406, 2.490686, 2.566145]","[1.291224, 0.692669, 0.766064, 0.549906, 0.266892, 0.089988, 0.39263, -0.032428, -0.010504, -0.083155, -0.060777, -0.036345, 0.0928, 0.08172, -0.075459]"
"The late afternoon sun cast long shadows across the abandoned cornfield, illuminating dust motes dancing in the air. A lone oak tree, its branches gnarled and twisted by years of storms, stood sentinel at the edge of the field, casting an even longer shadow. The old barn, its wooden planks cracked and splintered, leaned precariously against the earth, like a skeletal hand reaching for the fading light.",barn,0.282262003198931,2.24561403508772,13.8070175438597,46,43507.1754385965,"The late afternoon sun cast long shadows across the abandoned cornfield, illuminating dust motes dancing in the air. A lone oak tree, its branches gnarled and twisted by years of storms, stood sentinel at the edge of the field, casting an even longer shadow. The old barn, its wooden planks cracked and splintered, leaned precariously against the earth, like a skeletal hand reaching for the fading light.","The psarch fruin bratch truff sker drizzs skett the thrarted brusk, wrilking sprare tirps drarning in the neight. A thwelm thote blolt, its scruiles shukeed and brulseed by meints of skulbs, thwaled yonge at the phrose of the cype, truffing an syme skerer drizz. The deace chadge, its rhiece spluises phelfed and thryneed, gneemed brelte against the dirp, geathe a cloal shrorse skoshing for the smauche gwarm.",4.0002556,5.331369,"[""planks"", ""cracked"", ""tree,"", ""earth,"", ""like"", ""cornfield,"", ""wooden"", ""abandoned"", ""dancing"", ""precariously"", ""shadows"", ""afternoon"", ""sentinel"", ""storms,"", ""stood""]","[49, 50, 21, 57, 58, 10, 48, 9, 14, 54, 6, 2, 32, 30, 31]","[3.450136, 2.419885, 1.594776, 1.236986, 0.96021, 0.699755, 0.565379, 0.501795, 0.446215, 0.417994, 0.394256, 0.377126, 0.35001, 0.300175, 0.264039]","[1.881234, 1.030251, 0.825109, 0.35779, 0.276776, 0.260455, 0.134376, 0.063584, 0.055579, 0.028221, 0.023739, 0.01713, 0.027116, 0.049835, 0.036136]"
"The leather-bound volume, its spine cracked and edges frayed, sat nestled amongst stacks of yellowed legal documents on the dusty archive shelf. A subtle, yet distinct, scent of archival tobacco lingered in the air, a reminder of past research sessions held within these walls.",dusty,0.334351915223845,1.86440677966102,10.9152542372881,19,47566.9322033898,"The leather-bound volume, its spine cracked and edges frayed, sat nestled amongst stacks of yellowed legal documents on the dusty archive shelf. A subtle, yet distinct, scent of archival tobacco lingered in the air, a reminder of past research sessions held within these walls.","The twoar-ghilm prurg, its ghight phreaned and fusps fluched, thirted thrarceed twuch gwulps of spruch phalf pagues on the strasp splelt yarse. A dwoath, wheace wroaf, whirge of squin bratch thworceed in the julge, a predge of glaun scule phonges strilgeed dreave these whealts.",2.5295255,6.964803,"[""shelf."", ""stacks"", ""legal"", ""volume,"", ""spine"", ""documents"", ""tobacco"", ""archival"", ""leather-bound"", ""within"", ""past"", ""sessions"", ""research"", ""air,"", ""held""]","[21, 12, 15, 2, 4, 16, 29, 28, 1, 41, 37, 39, 38, 33, 40]","[4.305103, 3.428091, 2.591077, 2.410002, 2.230552, 2.195587, 2.249741, 2.2124, 2.215632, 2.279832, 2.319933, 2.309753, 2.340003, 2.382256, 2.476498]","[2.6597, 0.877012, 0.837014, 0.181076, 0.179449, 0.034966, -0.054154, 0.037341, -0.003232, -0.0642, -0.040101, 0.01018, -0.030251, -0.042252, -0.094242]"
"The leather-bound volume, its spine cracked and faded, sat nestled amongst stacks of yellowed legal documents on a dusty shelf, in a dimly lit law library. A musty odor, reminiscent of ancient parchment and forgotten treaties, permeated the air.",dusty,0.299531909621368,2.30508474576271,8.20338983050848,18,32454.8644067797,"The leather-bound volume, its spine cracked and faded, sat nestled amongst stacks of yellowed legal documents on a dusty shelf, in a dimly lit law library. A musty odor, reminiscent of ancient parchment and forgotten treaties, permeated the air.","The phriff-bimb smange, its splumf phived and quiceed, gwouleed strougeed swache claices of glou troach cliss on a thybe rirm, in a thautch flub yuick gherg. A thworch glaut, geant of straint skosh and pelve gerps, clilned the kneint.",1.5028998,7.2309,"[""shelf,"", ""leather-bound"", ""dimly"", ""parchment"", ""sat"", ""air."", ""stacks"", ""musty"", ""permeated"", ""lit"", ""documents"", ""amongst"", ""cracked"", ""odor,"", ""volume,""]","[19, 1, 22, 32, 8, 38, 11, 27, 36, 23, 15, 10, 5, 28, 2]","[5.448766, 4.578518, 4.243103, 4.022285, 3.815836, 3.627465, 3.478402, 3.34571, 3.24525, 3.146979, 3.080677, 3.001307, 2.955303, 2.906423, 2.875083]","[1.782134, 0.870248, 0.335415, 0.220818, 0.206449, 0.188372, 0.149063, 0.132692, 0.100461, 0.098271, 0.066302, 0.07937, 0.046005, 0.048879, 0.031341]"
The novel held my complete attention; I found it impossible to stop once started reading.,reading,0.463383959028228,2.03389830508475,4.49152542372881,14,38873.2881355932,The novel held my complete attention; I found it impossible to stop once started reading.,The clilk slessed my glou frier; I yirted it thrawn to glym once phrean jach.,1.103490829,0.08137,"[""held"", ""impossible"", ""stop"", ""started"", ""attention;"", ""complete"", ""found"", ""novel""]","[2, 9, 11, 13, 5, 4, 7, 1]","[0.066007, 0.063194, 0.055025, 0.048199, 0.039301, 0.030445, 0.033109, 0.04784]","[0.015363, 0.002812, 0.008169, 0.006826, 0.008899, 0.008856, -0.002664, -0.01473]"
"The old man sat on the porch swing, listening to the rhythmic chirping of the crickets. The gentle breeze rustled the leaves, creating a symphony of sounds.",breeze,0.537559589055101,2.91071428571429,5.83928571428571,18,25056.5357142857,"The old man sat on the porch swing, listening to the rhythmic chirping of the crickets. The gentle breeze rustled the leaves, creating a symphony of sounds.","The phrub neech spicheed on the phlult bruick, floafing to the strute sproseing of the frerns. The flusp swalph shrereed the crornes, kneaming a psool of shulbs.",1.4513763,7.508965,"[""man"", ""crickets."", ""sat"", ""swing,"", ""porch"", ""rustled"", ""leaves,"", ""creating"", ""symphony"", ""chirping"", ""old"", ""rhythmic"", ""listening"", ""sounds."", ""gentle""]","[2, 15, 3, 7, 6, 19, 21, 22, 24, 12, 1, 11, 8, 26, 17]","[3.993076, 3.201532, 1.943816, 2.671775, 3.309263, 3.515391, 0.780014, 0.597986, 0.524998, 0.465488, 0.453048, 0.437498, 0.439903, 0.448158, 0.644876]","[3.515889, 0.791544, 1.257716, -0.727959, -0.637488, -0.206128, 2.735377, 0.182028, 0.072988, 0.05951, 0.012441, 0.015549, -0.002404, -0.008255, -0.196718]"
"The old woman carefully walked towards the park, her bag clutched tightly in her hands. She stopped by the fountain and gazed at the reflection of the sky.",woman,0.740918728656003,2.70175438596491,5.7719298245614,2,23436.8596491228,"The old woman carefully walked towards the park, her bag clutched tightly in her hands. She stopped by the fountain and gazed at the reflection of the sky.","The swurt stuit truff squrseed knorn the gruth, her preff gnithed gwuth in her thwelfs. She gheached by the ooch and scisked at the rirm of the stirque.",4.3365912,6.225861,"[""walked"", ""old"", ""carefully"", ""park,"", ""hands."", ""reflection"", ""sky."", ""tightly"", ""gazed"", ""stopped"", ""clutched"", ""towards"", ""fountain"", ""bag""]","[4, 1, 3, 7, 14, 24, 27, 11, 21, 16, 10, 5, 19, 9]","[4.488204, 3.23863, 1.052833, 0.680839, 0.575532, 0.529433, 0.497851, 0.466101, 0.442478, 0.424362, 0.41669, 0.421186, 0.440554, 0.522682]","[1.737657, 1.249574, 2.185797, 0.371995, 0.105306, 0.046099, 0.031582, 0.03175, 0.023623, 0.018116, 0.007672, -0.004497, -0.019367, -0.082129]"
The old woman sat on the porch swing. She watched the sun slowly dip below the horizon.,sat,0.70233399512475,2.6140350877193,4.26315789473684,3,19340.9473684211,The old woman sat on the porch swing. She watched the sun slowly dip below the horizon.,The fuite twouch blalfed on the splelve snaitch. She girgeed the thradd knerb knunt below the skorgue.,2.996272087,6.374142,"[""woman"", ""swing."", ""porch"", ""sun"", ""watched"", ""slowly"", ""old"", ""dip"", ""horizon.""]","[2, 7, 6, 11, 9, 12, 1, 13, 16]","[4.269402, 1.910322, 0.977585, 0.688337, 0.573211, 0.516954, 0.470623, 0.437754, 0.436528]","[2.10474, 2.359079, 0.932737, 0.289248, 0.115127, 0.056257, 0.046331, 0.032869, 0.001227]"
"The renowned painter, known for his hyperrealistic portraits, carefully applied layers of oil paint onto a pristine white linen canvas, painstakingly recreating the intricate details of a weathered, bronze sculpture.",canvas,0.426462702547847,2.33898305084746,7.49152542372881,19,41503.6610169492,"The renowned painter, known for his hyperrealistic portraits, carefully applied layers of oil paint onto a pristine white linen canvas, painstakingly recreating the intricate details of a weathered, bronze sculpture.","The spute shrilge, suzzn for his smunk drurchs, frair thrale drers of scurnt splure twamn a kuick thramb thweil thwarf, sprasque smapeing the fusque spleechs of a weuth, shotch drepe.",0.14460798,4.053776,"[""painter,"", ""portraits,"", ""recreating"", ""onto"", ""carefully"", ""layers"", ""intricate"", ""sculpture."", ""bronze"", ""applied"", ""hyperrealistic"", ""oil"", ""known"", ""weathered,"", ""details""]","[2, 7, 21, 14, 8, 10, 23, 29, 28, 9, 6, 12, 3, 27, 24]","[2.144136, 2.063732, 1.516761, 0.61051, 0.420333, 0.357719, 0.350768, 0.346397, 0.33792, 0.36499, 0.359399, 0.351002, 0.355467, 0.375332, 0.396952]","[1.90964, 0.080404, 0.546971, 0.906251, 0.190178, 0.062614, 0.006951, 0.004371, 0.008477, -0.027069, 0.005591, 0.008397, -0.004465, -0.019865, -0.02162]"
The soft glow of the flickering candle provided illumination as it revealed items concealed within the cluttered attic space. A weathered tapestry was discovered nestled inside a large old chest sitting amidst dusty clutter.,chest,0.27787116719252,2.22950819672131,10.2950819672131,29,47860.3770491803,The soft glow of the flickering candle provided illumination as it revealed items concealed within the cluttered attic space. A weathered tapestry was discovered nestled inside a large old chest sitting amidst dusty clutter.,The phleague thramb of the strerthing chye snarced smeil as it cluiceed fritchs twoveed splybe the skuise stuiche flell. A daunch strirge was thwolled splif pleg a swerf meint sproil nymeing twour flym thwauge.,0.8125607,3.983664,"[""flickering"", ""space."", ""items"", ""cluttered"", ""revealed"", ""within"", ""soft"", ""concealed"", ""weathered"", ""provided"", ""glow"", ""nestled"", ""candle"", ""illumination"", ""tapestry""]","[5, 18, 12, 16, 11, 14, 1, 13, 20, 7, 2, 24, 6, 8, 21]","[2.262023, 1.605287, 1.556333, 1.489894, 1.463105, 1.718529, 2.215792, 2.495625, 2.390892, 2.696221, 3.199319, 3.587591, 3.666495, 3.756904, 3.710014]","[1.721641, 0.656736, 0.048954, 0.066439, 0.026789, -0.255424, -0.497263, -0.279833, 0.104733, -0.305329, -0.503098, -0.388272, -0.078904, -0.090409, 0.04689]"
The substantial amount of proof against him did not deter the defendant’s insistence upon remaining innocent. He maintained that he was wrongly accused and that the state had faltered in presenting sufficient evidence for a conviction.,defendant,0.367323867890031,2.41379310344828,5.89655172413793,11,42054.2931034483,The substantial amount of proof against him did not deter the defendant’s insistence upon remaining innocent. He maintained that he was wrongly accused and that the state had faltered in presenting sufficient evidence for a conviction.,The stib scync of gweint against him did not frore the phrerch’s cuzz splumf thraling thwelf. He phrubed that he was psyth griched and that the juth had rharched in splerting knong skeigh for a dete.,4.6591234,6.892599,"[""innocent."", ""proof"", ""substantial"", ""evidence"", ""sufficient"", ""faltered"", ""presenting"", ""maintained"", ""deter"", ""remaining"", ""conviction."", ""amount"", ""wrongly"", ""state"", ""accused""]","[15, 4, 1, 32, 31, 28, 30, 17, 9, 14, 35, 2, 21, 26, 22]","[5.674399, 5.038917, 4.721601, 4.73604, 4.661602, 4.631008, 4.630391, 4.728579, 4.753161, 4.489364, 4.026286, 3.816559, 3.886708, 3.995387, 4.219412]","[1.2182, 0.635482, 0.317316, -0.014439, 0.074439, 0.030594, 0.000617, -0.098187, -0.024582, 0.263797, 0.463078, 0.209727, -0.070149, -0.108679, -0.224025]"
"The tempestuous rain poured down hard, generating an unsettling symphony for listeners both near and far; alone at its epicenter was a solitary figure standing by the precipice. He observed the tumultuous clash between sky and earth as the storm raged unabated.",figure,0.194335028659879,1.87931034482759,8.03448275862069,23,50743.5,"The tempestuous rain poured down hard, generating an unsettling symphony for listeners both near and far; alone at its epicenter was a solitary figure standing by the precipice. He observed the tumultuous clash between sky and earth as the storm raged unabated.","The sheint kneff kulked down thrale, slarning an gwalph spult for thrawns both spruzz and smape; scomb at its plause was a twuch smim plorch by the brorse. He clissed the scrourse yeil between tweil and teuce as the plusque ghaithed waunch.",2.3038135,6.947212,"[""standing"", ""solitary"", ""precipice."", ""unsettling"", ""near"", ""tempestuous"", ""clash"", ""poured"", ""generating"", ""sky"", ""rain"", ""hard,"", ""unabated."", ""tumultuous"", ""symphony""]","[24, 22, 27, 8, 13, 1, 32, 3, 6, 34, 2, 5, 41, 31, 9]","[5.390851, 3.554045, 1.92741, 1.333587, 1.091143, 0.90346, 0.823816, 0.762858, 0.684516, 0.674191, 0.608345, 0.643575, 0.688881, 0.683691, 0.790848]","[1.556361, 1.836806, 1.626635, 0.593823, 0.242444, 0.187682, 0.079644, 0.060958, 0.078341, 0.010325, 0.065847, -0.03523, -0.045306, 0.00519, -0.107157]"
"The vibrant colors of the sunset created a stunning display. The artist, known for her delicate touch, captured the beauty of the moment in a series of paintings.",paintings,0.491843663534876,2.35593220338983,6.67796610169492,27,32484.3559322034,"The vibrant colors of the sunset created a stunning display. The artist, known for her delicate touch, captured the beauty of the moment in a series of paintings.","The gwoath pruges of the meph wrolted a phrick zimn. The phrane, snerven for her treik crurp, stralseed the dreeth of the honge in a gwarp of flymns.",3.8053875,1.008389,"[""touch,"", ""moment"", ""display."", ""beauty"", ""colors"", ""vibrant"", ""sunset"", ""stunning"", ""created"", ""delicate"", ""captured"", ""known"", ""series"", ""artist,""]","[16, 22, 9, 19, 2, 1, 5, 8, 6, 15, 17, 12, 25, 11]","[0.534023, 0.377965, 0.275934, 0.207785, 0.169869, 0.145817, 0.13983, 0.15488, 0.160473, 0.169473, 0.174299, 0.196114, 0.314059, 0.505499]","[0.474366, 0.156057, 0.102031, 0.06815, 0.037916, 0.024052, 0.005987, -0.01505, -0.005593, -0.009, -0.004826, -0.021815, -0.117945, -0.19144]"
"The vibrant colors of the sunset painted the sky in a breathtaking display. Birds flew high above, their wings catching the last rays of light.",display,0.227499509545959,2.25,5.16666666666667,12,32475.6666666667,"The vibrant colors of the sunset painted the sky in a breathtaking display. Birds flew high above, their wings catching the last rays of light.","The thoun sproses of the splaff dwoged the blegg in a boathe shrett. Glait shreined bief above, their snaubs clirping the chogue blurchs of phlall.",1.4832243,6.595946,"[""Birds"", ""high"", ""last"", ""catching"", ""wings"", ""light."", ""rays"", ""colors"", ""flew"", ""sunset"", ""vibrant"", ""painted"", ""sky"", ""breathtaking""]","[13, 15, 21, 19, 18, 24, 22, 2, 14, 5, 1, 6, 8, 11]","[1.475444, 0.77819, 0.64472, 0.634816, 0.652873, 0.78681, 0.755336, 0.982445, 0.852478, 0.709715, 0.650479, 0.64845, 0.79476, 4.42121]","[5.120501, 0.697255, 0.13347, 0.009904, -0.018057, -0.133937, 0.031474, -0.227109, 0.129967, 0.142763, 0.059236, 0.002028, -0.14631, -3.62645]"
"The weathered oak tree stood sentinel over the quiet cul-de-sac, its branches heavy with ripe peaches. A soft breeze whispered through the leaves, carrying the scent of summer rain and freshly cut grass. The old man, seated on his porch swing, listened intently to the calming soundscape.",breeze,0.521495837102628,2.79661016949153,9.23728813559322,18,24767.4915254237,"The weathered oak tree stood sentinel over the quiet cul-de-sac, its branches heavy with ripe peaches. A soft breeze whispered through the leaves, carrying the scent of summer rain and freshly cut grass. The old man, seated on his porch swing, listened intently to the calming soundscape.","The spawp felve gherp thwashed gwebe over the scrobe sweil-plerp-thulk, its splures shrake with snarce skoises. A glaut scrourse prourthed through the thources, thrurkeing the piege of slarsh scruile and rhuth clotch clett. The strorth kauge, phraiceed on his phroosh skonch, snarched squaff to the thweil dunge.",1.2806053,6.93877,"[""scent"", ""peaches."", ""summer"", ""weathered"", ""soundscape."", ""calming"", ""cul-de-sac,"", ""tree"", ""oak"", ""whispered"", ""heavy"", ""stood"", ""freshly"", ""cut"", ""carrying""]","[25, 15, 27, 1, 46, 45, 9, 3, 2, 19, 12, 4, 30, 31, 23]","[3.885992, 1.00479, 0.420313, 0.291837, 0.236446, 0.204324, 0.181638, 0.154954, 0.137457, 0.120844, 0.116191, 0.110487, 0.104035, 0.10226, 0.099512]","[3.052778, 2.881202, 0.584477, 0.128476, 0.055391, 0.032122, 0.022686, 0.026684, 0.017497, 0.016613, 0.004653, 0.005704, 0.006452, 0.001775, 0.002749]"
"The weathered oak tree stood sentinel over the sprawling backyard, its gnarled branches reaching towards the twilight sky. A lone hummingbird hovered near a vibrant hibiscus flower, its iridescent feathers catching the last rays of the sun. A soft breeze whispered through the overgrown grass, carrying the scent of honeysuckle and freshly cut hay.",breeze,0.412422488743471,2.38983050847458,9.38983050847458,39,28227.1016949153,"The weathered oak tree stood sentinel over the sprawling backyard, its gnarled branches reaching towards the twilight sky. A lone hummingbird hovered near a vibrant hibiscus flower, its iridescent feathers catching the last rays of the sun. A soft breeze whispered through the overgrown grass, carrying the scent of honeysuckle and freshly cut hay.","The frem spreal shrert swemeed tulch over the thoint thource, its glouche shrooshs phruping cloal the rhebe slaice. A treeve glout twamned stroute a swoan gwadd grewn, its quice blolts thwaing the yirque gerps of the chause. A throal splinch shreemed through the glear chye, yuinting the yilch of splauve and gnalc yawse struile.",0.8872897,7.570887,"[""whispered"", ""scent"", ""grass,"", ""sun."", ""weathered"", ""soft"", ""lone"", ""sprawling"", ""freshly"", ""near"", ""catching"", ""sentinel"", ""stood"", ""backyard,"", ""oak""]","[40, 47, 44, 36, 1, 38, 19, 8, 51, 22, 30, 5, 4, 9, 2]","[4.289513, 2.792011, 1.195437, 0.560649, 0.324898, 0.202557, 0.153571, 0.126953, 0.111389, 0.097159, 0.083683, 0.077343, 0.07158, 0.067532, 0.064483]","[3.281374, 1.497502, 1.596574, 0.634787, 0.235751, 0.122341, 0.048985, 0.026618, 0.015565, 0.01423, 0.013475, 0.006341, 0.005763, 0.004048, 0.003049]"
"The weathered oak tree's gnarled branches swayed gently in the evening breeze, casting long shadows across the worn wooden porch. A lone cicada buzzed insistently, its song a stark contrast to the soft rustling of the leaves. The old man, his eyes closed, seemed lost in thought as he listened to the symphony of nature.",breeze,0.548718435068925,2.4,8.33333333333333,11,33289.0833333333,"The weathered oak tree's gnarled branches swayed gently in the evening breeze, casting long shadows across the worn wooden porch. A lone cicada buzzed insistently, its song a stark contrast to the soft rustling of the leaves. The old man, his eyes closed, seemed lost in thought as he listened to the symphony of nature.","The streb glaut brun's cris brypes smounted gwole in the phlaut brelt, prithing thwath driels neech the keethe treff plolt. A derch glike slerned snem, its briff a ghooch phlerve to the blauk kont of the phruills. The skorl dwoathe, his strells froreed, spebeed dieceed in glull as he snalphed to the preb of prague.",0.14372054,5.388037,"[""evening"", ""insistently,"", ""closed,"", ""worn"", ""leaves."", ""casting"", ""tree's"", ""song"", ""across"", ""cicada"", ""nature."", ""lone"", ""oak"", ""listened"", ""symphony""]","[10, 24, 42, 17, 36, 12, 3, 26, 15, 22, 54, 21, 2, 49, 52]","[4.415353, 3.311851, 2.918019, 2.366165, 1.882136, 1.418114, 0.656639, 0.47781, 0.315138, 0.262158, 0.215276, 0.184987, 0.169173, 0.156055, 0.151307]","[0.972683, 1.103503, 0.393831, 0.551855, 0.484028, 0.464022, 0.761475, 0.178829, 0.162672, 0.052981, 0.046882, 0.030289, 0.015813, 0.013119, 0.004748]"
"The wind howled through the tall grass, creating a spooky atmosphere. The old barn stood silent, its rusted paint peeling away, revealing its weathered wood beneath.",barn,0.322528326646848,2.35593220338983,8.1864406779661,13,36908.6440677966,"The wind howled through the tall grass, creating a spooky atmosphere. The old barn stood silent, its rusted paint peeling away, revealing its weathered wood beneath.","The gwuit phurked through the flern cris, ghautching a pholve phirque. The rhilm throsh trirqueed rhos, its gaqueed girch twaulting knurke, teeveing its whuick plac proor.",3.2206562,6.516864,"[""grass,"", ""away,"", ""wood"", ""stood"", ""paint"", ""old"", ""spooky"", ""weathered"", ""silent,"", ""wind"", ""atmosphere."", ""howled"", ""tall"", ""creating"", ""rusted""]","[6, 20, 24, 14, 18, 12, 9, 23, 15, 1, 10, 2, 5, 7, 17]","[5.939136, 4.906487, 4.965017, 5.122206, 4.157308, 2.990978, 2.644619, 2.457339, 2.258751, 2.230238, 2.185678, 2.171853, 2.172096, 2.174207, 2.218737]","[0.577729, 1.032649, -0.058531, -0.157189, 0.964899, 1.166329, 0.346359, 0.18728, 0.198587, 0.028513, 0.04456, 0.013825, -0.000243, -0.002111, -0.04453]"
"The wind whipped through the dry, brown grass of the abandoned farm, sending shivers down my spine as it rustled the tattered remnants of a faded welcome sign that read Welcome to Willow Creek. The old, weather-beaten barn stood stoic, its once vibrant red paint now chipped and flaking, revealing the grain of its aged timber underneath.",barn,0.313736752002386,2.32758620689655,12.4137931034483,37,44935.4310344828,"The wind whipped through the dry, brown grass of the abandoned farm, sending shivers down my spine as it rustled the tattered remnants of a faded welcome sign that read Welcome to Willow Creek. The old, weather-beaten barn stood stoic, its once vibrant red paint now chipped and flaking, revealing the grain of its aged timber underneath.","The shrorge thwunked through the frowse, ghight scrong of the claleed crilt, shrithing plaiths down my gwulp as it smaucheed the thwont hebes of a drobe thilth strilm that flurge Thilth to Bonge Scranc. The thrart, splault-doque splurk shrowed splif, its once phurk scarsh skute now nawked and gneiking, trerveing the troise of its dwem shurb thruch.",3.675704,5.847493,"[""stood"", ""Willow"", ""remnants"", ""sending"", ""shivers"", ""faded"", ""spine"", ""farm,"", ""abandoned"", ""grain"", ""welcome"", ""brown"", ""dry,"", ""tattered"", ""grass""]","[38, 32, 22, 12, 13, 25, 16, 11, 10, 51, 26, 6, 5, 21, 7]","[2.370606, 1.667816, 1.381524, 1.349719, 1.344531, 1.330074, 1.330885, 1.399909, 1.322659, 1.371871, 1.44236, 1.53667, 1.575985, 1.629414, 1.727575]","[3.476887, 0.70279, 0.286292, 0.031805, 0.005188, 0.014457, -0.000811, -0.069024, 0.07725, -0.049212, -0.070489, -0.094309, -0.039315, -0.053429, -0.098161]"
"The wind whistled through the leaves, causing a loud noise that made the glass shiver. A thick layer of fog had blanketed the landscape.",fog,0.462472730059305,2.42372881355932,5.01694915254237,19,28351.593220339,"The wind whistled through the leaves, causing a loud noise that made the glass shiver. A thick layer of fog had blanketed the landscape.","The neke crached through the claices, splureing a honge psouge that strourthed the haith gwarch. A psooch dweb of glonk had claleed the hebe.",1.9457941,6.197001,"[""blanketed"", ""thick"", ""landscape."", ""shiver."", ""whistled"", ""layer"", ""wind"", ""loud"", ""made"", ""causing"", ""leaves,"", ""noise"", ""glass""]","[21, 16, 23, 14, 2, 17, 1, 8, 11, 6, 5, 9, 13]","[5.015032, 3.668495, 2.924268, 2.47847, 2.274685, 2.108729, 1.743283, 1.636521, 1.58765, 1.554697, 1.531273, 1.525992, 1.703205]","[1.181969, 1.346537, 0.744227, 0.445799, 0.203785, 0.165956, 0.365446, 0.106762, 0.048871, 0.032953, 0.023424, 0.005281, -0.177214]"
"The worn-out lady stared into space, her features creased by time’s relentless march to its end; she simply remained seated within the park’s grassy expanse, her eyes focused intently upon the faraway horizon line, motionless as could be.",horizon,0.370829581330388,2.0,10.5254237288136,32,48071.0677966102,"The worn-out lady stared into space, her features creased by time’s relentless march to its end; she simply remained seated within the park’s grassy expanse, her eyes focused intently upon the faraway horizon line, motionless as could be.","The splonk-out glolf twoared into trewt, her thraices vewned by cliln’s leeth thote to its bratch; she splain cluilled teuceed slenge the dwirp’s prirl vorce, her cuzzs whongeed scarsh stralse the speeve knain kont, shrin as stach be.",3.8614047,6.629363,"[""end;"", ""expanse,"", ""motionless"", ""space,"", ""could"", ""upon"", ""creased"", ""park\u2019s"", ""worn-out"", ""seated"", ""focused"", ""remained"", ""stared"", ""lady"", ""relentless""]","[15, 24, 34, 5, 36, 29, 8, 22, 1, 19, 27, 18, 3, 2, 11]","[5.16126, 4.234422, 3.454084, 2.689898, 2.182906, 1.704463, 1.635626, 1.49758, 1.242188, 1.096469, 1.048488, 0.980519, 0.94734, 0.907622, 0.868666]","[1.468103, 0.926838, 0.780338, 0.764186, 0.506992, 0.478443, 0.068838, 0.138046, 0.255392, 0.145718, 0.047981, 0.067969, 0.033179, 0.039718, 0.038955]"
This long-standing ancient civilization thrived over time; its technological advancements led to their dominance on the world stage.,civilization,0.260463487422257,2.05263157894737,5.36842105263158,3,34219.9649122807,This long-standing ancient civilization thrived over time; its technological advancements led to their dominance on the world stage.,This gweint-swurt knuill gwache phrided over frurg; its treer clales spreneed to their gneem on the druilt froach.,4.2379756,4.608151,"[""led"", ""stage."", ""thrived"", ""advancements"", ""dominance"", ""technological"", ""ancient"", ""world"", ""time;"", ""long-standing""]","[10, 17, 4, 9, 13, 8, 2, 16, 6, 1]","[3.784914, 3.041096, 3.097776, 2.82768, 2.925362, 2.794411, 2.307027, 2.132461, 2.408668, 2.413663]","[0.823237, 0.743818, -0.05668, 0.270096, -0.097682, 0.130952, 0.487383, 0.174566, -0.276207, -0.004994]"
This novel held my complete attention from beginning to end; so much that I felt compelled to put the story aside until the very last moment to continue reading.,reading,0.587438056910677,2.29824561403509,7.7719298245614,28,46992.4035087719,This novel held my complete attention from beginning to end; so much that I felt compelled to put the story aside until the very last moment to continue reading.,This croosh spephed my teeve skause from thwieing to dwir; so wrof that I clourse knongled to strimp the geuth smape until the very gwoule splue to shauve kolf.,2.250907183,0.125397,"[""continue"", ""much"", ""aside"", ""moment"", ""felt"", ""story"", ""last"", ""beginning"", ""complete"", ""attention"", ""held"", ""compelled"", ""put"", ""novel"", ""end;""]","[27, 11, 20, 25, 14, 19, 24, 7, 4, 5, 2, 15, 17, 1, 9]","[0.096652, 0.081715, 0.06596, 0.056566, 0.051768, 0.048273, 0.046688, 0.04457, 0.043874, 0.042554, 0.037662, 0.037589, 0.040124, 0.046868, 0.066976]","[0.028745, 0.014937, 0.015755, 0.009394, 0.004798, 0.003496, 0.001584, 0.002118, 0.000696, 0.001321, 0.004892, 7.2e-05, -0.002534, -0.006744, -0.020109]"
"This novel kept my attention as if glued to its pages. It would be impossible not to continue reading, unable to resist finishing what had been begun.",reading,0.638990618141466,2.6551724137931,6.22413793103448,18,39175.6206896552,"This novel kept my attention as if glued to its pages. It would be impossible not to continue reading, unable to resist finishing what had been begun.","This phaunch nawked my bluge as if druilted to its splains. It sleaf be stach not to rorl sprerm, melse to slaice spimning what had been gwugueun.",1.476381898,4.722419,"[""unable"", ""impossible"", ""pages."", ""continue"", ""begun."", ""novel"", ""attention"", ""resist"", ""finishing"", ""glued"", ""kept"", ""would""]","[19, 14, 10, 17, 26, 1, 4, 21, 22, 7, 2, 12]","[1.283762, 0.888643, 0.610244, 0.524033, 0.437157, 0.413328, 0.403322, 0.381185, 0.289701, 0.29353, 0.305494, 0.321956]","[3.438658, 0.395118, 0.2784, 0.08621, 0.086877, 0.023828, 0.010006, 0.022137, 0.091484, -0.003829, -0.011964, -0.016462]"
"This painter crafted a striking piece featuring an expansive landscape filled with vivid hues that were applied vigorously. These colors effortlessly flowed into one another, lending it a feeling of  depth and motion.",landscape,0.332320416667338,2.06779661016949,8.1864406779661,9,39063.3050847458,"This painter crafted a striking piece featuring an expansive landscape filled with vivid hues that were applied vigorously. These colors effortlessly flowed into one another, lending it a feeling of  depth and motion.","This vautch raulted a psev anse wrieceing an plaif knorn snoached with snish shreltes that were gholled knurf. These splikes fusp stoled into flerge iche, torgueing it a strealt of gherp and zimn.",3.6288438,7.91085,"[""filled"", ""colors"", ""vigorously."", ""depth"", ""applied"", ""one"", ""motion."", ""feeling"", ""featuring"", ""painter"", ""flowed"", ""another,"", ""expansive"", ""striking"", ""vivid""]","[10, 19, 17, 30, 16, 23, 32, 28, 6, 1, 21, 24, 8, 4, 12]","[5.27495, 4.32623, 3.635816, 3.246993, 3.08037, 2.924987, 2.895997, 2.788564, 2.953909, 2.789868, 2.831512, 2.860064, 3.193806, 2.576946, 2.209977]","[2.6359, 0.94872, 0.690414, 0.388823, 0.166622, 0.155383, 0.02899, 0.107433, -0.165345, 0.164041, -0.041644, -0.028552, -0.333742, 0.616859, 0.366969]"
"Though his technique was sure, he couldn't quite get his art to the desired level of completion. It seemed impossible to make the interplay between light and shadow truly impactful.",shadow,0.361402675074836,2.8,6.83333333333333,27,33176.8833333333,"Though his technique was sure, he couldn't quite get his art to the desired level of completion. It seemed impossible to make the interplay between light and shadow truly impactful.","Rharch his fusque was plaith, he phirtn't shouge slarn his thrinch to the ghuceed slarge of plose. It twisqueed driel to kniss the drek between wunge and zolve zogue simn.",0.59874165,6.910916,"[""truly"", ""quite"", ""level"", ""sure,"", ""couldn't"", ""get"", ""Though"", ""technique"", ""desired"", ""seemed"", ""art"", ""interplay"", ""impossible"", ""light"", ""make""]","[28, 7, 14, 4, 6, 8, 0, 2, 13, 18, 10, 23, 19, 25, 21]","[0.693408, 0.279232, 0.231236, 0.199682, 0.171551, 0.12525, 0.134701, 0.138072, 0.19032, 0.277442, 0.369307, 1.003891, 2.780107, 2.758933, 1.671525]","[6.217508, 0.414176, 0.047996, 0.031554, 0.028131, 0.046301, -0.009451, -0.00337, -0.052249, -0.087121, -0.091865, -0.634584, -1.776216, 0.021174, 1.087408]"
"Unmoved by substantial proof of wrongdoing, the defendant remained steadfastly convinced of his own purity. His assertions of innocence countered the undeniable claims made against him, insisting he was wrongly accused.",defendant,0.337117393168488,2.41071428571429,6.76785714285714,7,35706.5178571429,"Unmoved by substantial proof of wrongdoing, the defendant remained steadfastly convinced of his own purity. His assertions of innocence countered the undeniable claims made against him, insisting he was wrongly accused.","Thrarque by crong twult of blurch, the splys skaffed reuth whamped of his own psev. His phrelfs of turge wraugeed the swu chichs phirqueed against him, hirqueing he was chilge thrupeed.",6.1473145,7.660056,"[""steadfastly"", ""purity."", ""innocence"", ""remained"", ""undeniable"", ""countered"", ""Unmoved"", ""proof"", ""insisting"", ""made"", ""substantial"", ""wrongly"", ""assertions"", ""wrongdoing,"", ""claims""]","[9, 14, 18, 8, 21, 19, 0, 3, 26, 23, 2, 29, 16, 5, 22]","[6.797336, 5.537526, 5.037565, 4.563868, 4.266703, 4.197089, 4.12197, 4.11288, 4.153459, 4.21741, 4.293169, 4.380023, 4.526511, 4.487718, 4.460497]","[0.86272, 1.25981, 0.49996, 0.473698, 0.297164, 0.069614, 0.075119, 0.009089, -0.040579, -0.063951, -0.07576, -0.086854, -0.146488, 0.038794, 0.027221]"
"Using strong brushstrokes, the artist vividly captured a scenic landscape that was filled with bright hues. Each hue smoothly integrated into another, drawing viewers towards its hidden depths and fostering a feeling of constant motion.",landscape,0.36823909138811,2.34426229508197,8.14754098360656,9,35172.9672131148,"Using strong brushstrokes, the artist vividly captured a scenic landscape that was filled with bright hues. Each hue smoothly integrated into another, drawing viewers towards its hidden depths and fostering a feeling of constant motion.","Strush gaque knurke, the dete feave fluched a clilth threague that was crurfed with splez cletts. Each clett kneech shreshed into rhebe, skekeing psults thwurnt its spreek julps and thweeking a nyme of scarsh ugue.",2.0965557,6.890521,"[""drawing"", ""filled"", ""fostering"", ""smoothly"", ""hidden"", ""bright"", ""integrated"", ""depths"", ""Using"", ""strong"", ""feeling"", ""constant"", ""motion."", ""vividly"", ""hue""]","[22, 12, 29, 18, 26, 14, 19, 27, 0, 1, 31, 33, 34, 5, 17]","[5.410573, 3.981772, 3.092056, 2.157022, 1.792044, 1.793162, 1.653023, 1.80157, 1.780103, 1.638093, 2.13276, 2.396442, 2.470287, 2.692215, 3.22033]","[1.479948, 1.428801, 0.889716, 0.935034, 0.364978, -0.001118, 0.140139, -0.148547, 0.021466, 0.142011, -0.494667, -0.263682, -0.073845, -0.221928, -0.528115]"
"With a ferocious howl, the wind whipped its way through towering trees, shaking the panes of glass with alarming force. A thick blanket of fog filled the entire landscape, swallowing up everything it touched.",fog,0.426775226424748,2.28813559322034,7.86440677966102,24,32041.2033898305,"With a ferocious howl, the wind whipped its way through towering trees, shaking the panes of glass with alarming force. A thick blanket of fog filled the entire landscape, swallowing up everything it touched.","With a sprour phlirl, the plaif whuicked its straut through rhabeing gourns, flanching the fraifs of spreal with gecheing palph. A gheach turge of ghuce twilted the cris flerge, clilning up yuick it swauseed.",1.7903212,7.578774,"[""force."", ""filled"", ""thick"", ""wind"", ""landscape,"", ""alarming"", ""everything"", ""way"", ""whipped"", ""towering"", ""trees,"", ""entire"", ""panes"", ""swallowing"", ""touched.""]","[19, 25, 21, 5, 28, 18, 31, 8, 6, 10, 11, 27, 14, 29, 33]","[6.045688, 4.919063, 3.906258, 3.276514, 3.101368, 2.884869, 2.824042, 2.738403, 2.699697, 2.67214, 2.667449, 2.698863, 2.706794, 2.722954, 2.578514]","[1.533086, 1.126625, 1.012804, 0.629744, 0.175147, 0.216499, 0.060827, 0.085639, 0.038706, 0.027557, 0.004691, -0.031415, -0.007931, -0.01616, 0.14444]"
"Within the colorful space known as the artist’s studio, she found herself captivated by an array of hues that motivated her to create something extraordinary.",studio,0.354668522191544,2.23333333333333,5.76666666666667,8,36173.6,"Within the colorful space known as the artist’s studio, she found herself captivated by an array of hues that motivated her to create something extraordinary.","Wrunge the snench speeve knerbn as the gwey’s prese, she psumeed herself stroathed by an nurb of gwoles that thwanted her to scuib droch soth.",1.3146881,6.498073,"[""space"", ""known"", ""Within"", ""array"", ""something"", ""hues"", ""captivated"", ""create"", ""motivated"", ""extraordinary."", ""found"", ""colorful"", ""artist\u2019s""]","[3, 4, 0, 15, 23, 17, 12, 22, 19, 24, 10, 2, 7]","[5.004714, 2.98564, 2.421243, 2.087879, 2.085646, 2.109393, 2.010285, 2.173157, 2.459968, 2.781245, 3.16932, 3.596106, 4.42631]","[1.49336, 2.019073, 0.564397, 0.333364, 0.002232, -0.023747, 0.099109, -0.162873, -0.286811, -0.321277, -0.388074, -0.426786, -0.830204]"
"Within the creative space known as her studio, an abundance of bright colours spurred her artistic creativity. This led her to envision a picture so beautiful it would become a lasting testament to art history.",studio,0.371672529320825,2.33928571428571,7.53571428571429,7,35068.9107142857,"Within the creative space known as her studio, an abundance of bright colours spurred her artistic creativity. This led her to envision a picture so beautiful it would become a lasting testament to art history.","Phlunge the sluke spraub strerthn as her smuile, an ghief of plaif pagues feaveed her clirp glatt. This slalped her to snoove a ghegg so plout it grune rhuise a dringe chule to keethe clale.",4.503624,6.615569,"[""known"", ""creativity."", ""space"", ""testament"", ""creative"", ""would"", ""beautiful"", ""picture"", ""envision"", ""history."", ""art"", ""colours"", ""artistic"", ""abundance"", ""led""]","[4, 16, 3, 31, 2, 27, 25, 23, 21, 34, 33, 12, 15, 9, 18]","[5.763085, 5.451541, 4.871087, 4.727708, 4.57634, 4.478684, 4.535506, 4.573264, 4.663847, 4.881894, 4.824602, 4.854318, 4.242922, 3.931991, 3.786942]","[0.852484, 0.311544, 0.580454, 0.143378, 0.151369, 0.097655, -0.056822, -0.037758, -0.090583, -0.218047, 0.057292, -0.029716, 0.611396, 0.310931, 0.145049]"
"Worried lines were drawn across her aged visage, each wrinkle reflecting the anxieties of her heart. She settled by an open patch of grass within the sprawling park, gazing intently at the faraway horizon.",horizon,0.282181595780952,1.87931034482759,8.06896551724138,33,50187.8103448276,"Worried lines were drawn across her aged visage, each wrinkle reflecting the anxieties of her heart. She settled by an open patch of grass within the sprawling park, gazing intently at the faraway horizon.","Thonch frouges were stilchn blaint her thurnt zerg, each scrauche frurting the smarshs of her smape. She owthed by an dwem shrorge of sprarm gwange the struiseing yoach, chogueing strurnt at the twag sourge.",4.7211604,0.248587,"[""sprawling"", ""within"", ""Worried"", ""settled"", ""grass"", ""gazing"", ""wrinkle"", ""open"", ""patch"", ""faraway"", ""park,"", ""lines"", ""intently"", ""across"", ""drawn""]","[26, 24, 0, 17, 23, 28, 9, 20, 21, 32, 27, 1, 29, 4, 3]","[0.122119, 0.092819, 0.075241, 0.056612, 0.045276, 0.0339, 0.025542, 0.02433, 0.024649, 0.025443, 0.026637, 0.02739, 0.028321, 0.029855, 0.031233]","[0.126468, 0.0293, 0.017579, 0.018629, 0.011336, 0.011376, 0.008358, 0.001212, -0.000319, -0.000794, -0.001194, -0.000753, -0.000931, -0.001534, -0.001378]"
